#group,false,false,true,true,false,false,true,true,true
#datatype,string,long,dateTime:RFC3339,dateTime:RFC3339,dateTime:RFC3339,long,string,string,string
#default,mean,,,,,,,,
,result,table,_start,_stop,_time,_value,_field,_measurement,user
,,0,2023-04-29T17:38:55.044078847Z,2023-05-30T04:08:55.044078847Z,2023-05-26T09:57:39.033610497Z,-77,Rssi,vuoy_surroundings,1
,,0,2023-04-29T17:38:55.044078847Z,2023-05-30T04:08:55.044078847Z,2023-05-26T09:57:52.246623499Z,-78,Rssi,vuoy_surroundings,1
,,0,2023-04-29T17:38:55.044078847Z,2023-05-30T04:08:55.044078847Z,2023-05-26T09:57:55.502947919Z,-76,Rssi,vuoy_surroundings,1
,,0,2023-04-29T17:38:55.044078847Z,2023-05-30T04:08:55.044078847Z,2023-05-26T09:57:59.313918648Z,-76,Rssi,vuoy_surroundings,1
,,0,2023-04-29T17:38:55.044078847Z,2023-05-30T04:08:55.044078847Z,2023-05-26T09:58:09.150239834Z,-74,Rssi,vuoy_surroundings,1
,,0,2023-04-29T17:38:55.044078847Z,2023-05-30T04:08:55.044078847Z,2023-05-26T09:58:19.348686818Z,-76,Rssi,vuoy_surroundings,1
,,0,2023-04-29T17:38:55.044078847Z,2023-05-30T04:08:55.044078847Z,2023-05-26T09:58:26.355527513Z,-77,Rssi,vuoy_surroundings,1
,,0,2023-04-29T17:38:55.044078847Z,2023-05-30T04:08:55.044078847Z,2023-05-26T09:58:33.422845828Z,-76,Rssi,vuoy_surroundings,1
,,0,2023-04-29T17:38:55.044078847Z,2023-05-30T04:08:55.044078847Z,2023-05-26T10:04:35.162147511Z,-69,Rssi,vuoy_surroundings,1
,,0,2023-04-29T17:38:55.044078847Z,2023-05-30T04:08:55.044078847Z,2023-05-26T10:04:41.827536739Z,-70,Rssi,vuoy_surroundings,1
,,0,2023-04-29T17:38:55.044078847Z,2023-05-30T04:08:55.044078847Z,2023-05-26T10:04:45.027929182Z,-70,Rssi,vuoy_surroundings,1
,,0,2023-04-29T17:38:55.044078847Z,2023-05-30T04:08:55.044078847Z,2023-05-26T10:04:51.8528599Z,-69,Rssi,vuoy_surroundings,1
,,0,2023-04-29T17:38:55.044078847Z,2023-05-30T04:08:55.044078847Z,2023-05-26T10:04:55.464624687Z,-70,Rssi,vuoy_surroundings,1
,,0,2023-04-29T17:38:55.044078847Z,2023-05-30T04:08:55.044078847Z,2023-05-26T10:04:59.11357495Z,-71,Rssi,vuoy_surroundings,1
,,0,2023-04-29T17:38:55.044078847Z,2023-05-30T04:08:55.044078847Z,2023-05-26T10:05:02.226520475Z,-69,Rssi,vuoy_surroundings,1
,,0,2023-04-29T17:38:55.044078847Z,2023-05-30T04:08:55.044078847Z,2023-05-26T10:05:05.916553594Z,-70,Rssi,vuoy_surroundings,1
,,0,2023-04-29T17:38:55.044078847Z,2023-05-30T04:08:55.044078847Z,2023-05-26T10:05:08.98984659Z,-70,Rssi,vuoy_surroundings,1
,,0,2023-04-29T17:38:55.044078847Z,2023-05-30T04:08:55.044078847Z,2023-05-26T10:05:16.06057151Z,-69,Rssi,vuoy_surroundings,1
,,0,2023-04-29T17:38:55.044078847Z,2023-05-30T04:08:55.044078847Z,2023-05-26T10:05:19.443532793Z,-70,Rssi,vuoy_surroundings,1
,,0,2023-04-29T17:38:55.044078847Z,2023-05-30T04:08:55.044078847Z,2023-05-26T10:05:22.826589865Z,-70,Rssi,vuoy_surroundings,1
,,0,2023-04-29T17:38:55.044078847Z,2023-05-30T04:08:55.044078847Z,2023-05-26T10:05:26.208419194Z,-71,Rssi,vuoy_surroundings,1
,,0,2023-04-29T17:38:55.044078847Z,2023-05-30T04:08:55.044078847Z,2023-05-26T10:05:32.970803982Z,-71,Rssi,vuoy_surroundings,1
,,0,2023-04-29T17:38:55.044078847Z,2023-05-30T04:08:55.044078847Z,2023-05-26T10:05:36.358817739Z,-70,Rssi,vuoy_surroundings,1
,,0,2023-04-29T17:38:55.044078847Z,2023-05-30T04:08:55.044078847Z,2023-05-26T10:05:40.04199282Z,-71,Rssi,vuoy_surroundings,1
,,0,2023-04-29T17:38:55.044078847Z,2023-05-30T04:08:55.044078847Z,2023-05-26T10:05:46.805074367Z,-70,Rssi,vuoy_surroundings,1
,,0,2023-04-29T17:38:55.044078847Z,2023-05-30T04:08:55.044078847Z,2023-05-26T10:05:50.187882859Z,-71,Rssi,vuoy_surroundings,1
,,0,2023-04-29T17:38:55.044078847Z,2023-05-30T04:08:55.044078847Z,2023-05-26T10:05:56.949740083Z,-70,Rssi,vuoy_surroundings,1
,,0,2023-04-29T17:38:55.044078847Z,2023-05-30T04:08:55.044078847Z,2023-05-26T10:06:00.331787652Z,-71,Rssi,vuoy_surroundings,1
,,0,2023-04-29T17:38:55.044078847Z,2023-05-30T04:08:55.044078847Z,2023-05-26T10:06:03.451800698Z,-71,Rssi,vuoy_surroundings,1
,,0,2023-04-29T17:38:55.044078847Z,2023-05-30T04:08:55.044078847Z,2023-05-26T10:06:10.474248929Z,-70,Rssi,vuoy_surroundings,1
,,0,2023-04-29T17:38:55.044078847Z,2023-05-30T04:08:55.044078847Z,2023-05-26T10:06:17.237381744Z,-69,Rssi,vuoy_surroundings,1
,,0,2023-04-29T17:38:55.044078847Z,2023-05-30T04:08:55.044078847Z,2023-05-26T10:06:20.520111189Z,-69,Rssi,vuoy_surroundings,1
,,0,2023-04-29T17:38:55.044078847Z,2023-05-30T04:08:55.044078847Z,2023-05-26T10:06:27.68895421Z,-70,Rssi,vuoy_surroundings,1
,,0,2023-04-29T17:38:55.044078847Z,2023-05-30T04:08:55.044078847Z,2023-05-26T10:06:31.073429953Z,-70,Rssi,vuoy_surroundings,1
,,0,2023-04-29T17:38:55.044078847Z,2023-05-30T04:08:55.044078847Z,2023-05-26T10:06:37.83677507Z,-70,Rssi,vuoy_surroundings,1
,,0,2023-04-29T17:38:55.044078847Z,2023-05-30T04:08:55.044078847Z,2023-05-26T10:06:41.218538113Z,-70,Rssi,vuoy_surroundings,1
,,0,2023-04-29T17:38:55.044078847Z,2023-05-30T04:08:55.044078847Z,2023-05-26T10:06:44.596691155Z,-70,Rssi,vuoy_surroundings,1
,,0,2023-04-29T17:38:55.044078847Z,2023-05-30T04:08:55.044078847Z,2023-05-26T10:06:47.978653019Z,-70,Rssi,vuoy_surroundings,1
,,0,2023-04-29T17:38:55.044078847Z,2023-05-30T04:08:55.044078847Z,2023-05-26T10:06:51.362774179Z,-69,Rssi,vuoy_surroundings,1
,,0,2023-04-29T17:38:55.044078847Z,2023-05-30T04:08:55.044078847Z,2023-05-26T10:06:58.063464155Z,-71,Rssi,vuoy_surroundings,1
,,0,2023-04-29T17:38:55.044078847Z,2023-05-30T04:08:55.044078847Z,2023-05-26T10:07:01.50870301Z,-70,Rssi,vuoy_surroundings,1
,,0,2023-04-29T17:38:55.044078847Z,2023-05-30T04:08:55.044078847Z,2023-05-26T10:07:04.795048037Z,-70,Rssi,vuoy_surroundings,1
,,0,2023-04-29T17:38:55.044078847Z,2023-05-30T04:08:55.044078847Z,2023-05-26T10:07:11.952237287Z,-70,Rssi,vuoy_surroundings,1
,,0,2023-04-29T17:38:55.044078847Z,2023-05-30T04:08:55.044078847Z,2023-05-26T10:07:18.718772836Z,-70,Rssi,vuoy_surroundings,1
,,0,2023-04-29T17:38:55.044078847Z,2023-05-30T04:08:55.044078847Z,2023-05-26T10:07:25.682384994Z,-71,Rssi,vuoy_surroundings,1
,,0,2023-04-29T17:38:55.044078847Z,2023-05-30T04:08:55.044078847Z,2023-05-26T10:07:32.238787769Z,-70,Rssi,vuoy_surroundings,1
,,0,2023-04-29T17:38:55.044078847Z,2023-05-30T04:08:55.044078847Z,2023-05-26T10:07:35.619820649Z,-71,Rssi,vuoy_surroundings,1
,,0,2023-04-29T17:38:55.044078847Z,2023-05-30T04:08:55.044078847Z,2023-05-26T10:07:39.31048651Z,-70,Rssi,vuoy_surroundings,1
,,0,2023-04-29T17:38:55.044078847Z,2023-05-30T04:08:55.044078847Z,2023-05-26T10:07:42.69017628Z,-71,Rssi,vuoy_surroundings,1
,,0,2023-04-29T17:38:55.044078847Z,2023-05-30T04:08:55.044078847Z,2023-05-26T10:07:49.451266168Z,-71,Rssi,vuoy_surroundings,1
,,0,2023-04-29T17:38:55.044078847Z,2023-05-30T04:08:55.044078847Z,2023-05-26T10:07:56.213267818Z,-72,Rssi,vuoy_surroundings,1
,,0,2023-04-29T17:38:55.044078847Z,2023-05-30T04:08:55.044078847Z,2023-05-26T10:07:59.901748144Z,-70,Rssi,vuoy_surroundings,1
,,0,2023-04-29T17:38:55.044078847Z,2023-05-30T04:08:55.044078847Z,2023-05-26T10:08:06.63176721Z,-70,Rssi,vuoy_surroundings,1
,,0,2023-04-29T17:38:55.044078847Z,2023-05-30T04:08:55.044078847Z,2023-05-26T10:08:13.226463969Z,-71,Rssi,vuoy_surroundings,1
,,0,2023-04-29T17:38:55.044078847Z,2023-05-30T04:08:55.044078847Z,2023-05-26T10:08:16.497367543Z,-70,Rssi,vuoy_surroundings,1
,,0,2023-04-29T17:38:55.044078847Z,2023-05-30T04:08:55.044078847Z,2023-05-26T10:08:20.188629481Z,-71,Rssi,vuoy_surroundings,1
,,0,2023-04-29T17:38:55.044078847Z,2023-05-30T04:08:55.044078847Z,2023-05-26T10:08:23.568919563Z,-70,Rssi,vuoy_surroundings,1
,,0,2023-04-29T17:38:55.044078847Z,2023-05-30T04:08:55.044078847Z,2023-05-26T10:08:30.331078674Z,-70,Rssi,vuoy_surroundings,1
,,0,2023-04-29T17:38:55.044078847Z,2023-05-30T04:08:55.044078847Z,2023-05-26T10:08:37.096466496Z,-70,Rssi,vuoy_surroundings,1
,,0,2023-04-29T17:38:55.044078847Z,2023-05-30T04:08:55.044078847Z,2023-05-26T10:08:44.127564241Z,-70,Rssi,vuoy_surroundings,1
,,0,2023-04-29T17:38:55.044078847Z,2023-05-30T04:08:55.044078847Z,2023-05-26T10:08:47.542209891Z,-69,Rssi,vuoy_surroundings,1
,,0,2023-04-29T17:38:55.044078847Z,2023-05-30T04:08:55.044078847Z,2023-05-26T10:08:54.240361995Z,-70,Rssi,vuoy_surroundings,1
,,0,2023-04-29T17:38:55.044078847Z,2023-05-30T04:08:55.044078847Z,2023-05-26T10:08:57.252268113Z,-69,Rssi,vuoy_surroundings,1
,,0,2023-04-29T17:38:55.044078847Z,2023-05-30T04:08:55.044078847Z,2023-05-26T10:09:04.244539715Z,-70,Rssi,vuoy_surroundings,1
,,0,2023-04-29T17:38:55.044078847Z,2023-05-30T04:08:55.044078847Z,2023-05-26T10:09:07.606784775Z,-69,Rssi,vuoy_surroundings,1
,,0,2023-04-29T17:38:55.044078847Z,2023-05-30T04:08:55.044078847Z,2023-05-26T10:09:10.971899232Z,-70,Rssi,vuoy_surroundings,1
,,0,2023-04-29T17:38:55.044078847Z,2023-05-30T04:08:55.044078847Z,2023-05-26T10:09:14.342434777Z,-70,Rssi,vuoy_surroundings,1
,,0,2023-04-29T17:38:55.044078847Z,2023-05-30T04:08:55.044078847Z,2023-05-26T10:09:21.096607449Z,-70,Rssi,vuoy_surroundings,1
,,0,2023-04-29T17:38:55.044078847Z,2023-05-30T04:08:55.044078847Z,2023-05-26T10:09:24.775561883Z,-70,Rssi,vuoy_surroundings,1
,,0,2023-04-29T17:38:55.044078847Z,2023-05-30T04:08:55.044078847Z,2023-05-26T10:09:27.802429045Z,-69,Rssi,vuoy_surroundings,1
,,0,2023-04-29T17:38:55.044078847Z,2023-05-30T04:08:55.044078847Z,2023-05-26T10:09:35.0351476Z,-69,Rssi,vuoy_surroundings,1
,,0,2023-04-29T17:38:55.044078847Z,2023-05-30T04:08:55.044078847Z,2023-05-26T10:09:38.204200228Z,-74,Rssi,vuoy_surroundings,1
,,0,2023-04-29T17:38:55.044078847Z,2023-05-30T04:08:55.044078847Z,2023-05-26T10:09:45.213987445Z,-68,Rssi,vuoy_surroundings,1
,,0,2023-04-29T17:38:55.044078847Z,2023-05-30T04:08:55.044078847Z,2023-05-26T10:09:51.980618307Z,-69,Rssi,vuoy_surroundings,1
,,0,2023-04-29T17:38:55.044078847Z,2023-05-30T04:08:55.044078847Z,2023-05-26T10:09:58.997108257Z,-74,Rssi,vuoy_surroundings,1
,,0,2023-04-29T17:38:55.044078847Z,2023-05-30T04:08:55.044078847Z,2023-05-26T10:10:02.081357109Z,-79,Rssi,vuoy_surroundings,1
,,0,2023-04-29T17:38:55.044078847Z,2023-05-30T04:08:55.044078847Z,2023-05-26T10:10:12.072397681Z,-84,Rssi,vuoy_surroundings,1
,,0,2023-04-29T17:38:55.044078847Z,2023-05-30T04:08:55.044078847Z,2023-05-26T10:10:19.242304431Z,-84,Rssi,vuoy_surroundings,1
,,0,2023-04-29T17:38:55.044078847Z,2023-05-30T04:08:55.044078847Z,2023-05-26T10:10:22.320253225Z,-81,Rssi,vuoy_surroundings,1
,,0,2023-04-29T17:38:55.044078847Z,2023-05-30T04:08:55.044078847Z,2023-05-26T10:10:25.995299311Z,-80,Rssi,vuoy_surroundings,1
,,0,2023-04-29T17:38:55.044078847Z,2023-05-30T04:08:55.044078847Z,2023-05-26T10:10:29.679081924Z,-80,Rssi,vuoy_surroundings,1
,,0,2023-04-29T17:38:55.044078847Z,2023-05-30T04:08:55.044078847Z,2023-05-26T10:10:39.507606288Z,-79,Rssi,vuoy_surroundings,1
,,0,2023-04-29T17:38:55.044078847Z,2023-05-30T04:08:55.044078847Z,2023-05-26T10:10:43.301713265Z,-77,Rssi,vuoy_surroundings,1
,,0,2023-04-29T17:38:55.044078847Z,2023-05-30T04:08:55.044078847Z,2023-05-26T10:10:46.57162365Z,-78,Rssi,vuoy_surroundings,1
,,0,2023-04-29T17:38:55.044078847Z,2023-05-30T04:08:55.044078847Z,2023-05-26T10:10:49.949023063Z,-77,Rssi,vuoy_surroundings,1
,,0,2023-04-29T17:38:55.044078847Z,2023-05-30T04:08:55.044078847Z,2023-05-26T10:10:53.007339514Z,-80,Rssi,vuoy_surroundings,1
,,0,2023-04-29T17:38:55.044078847Z,2023-05-30T04:08:55.044078847Z,2023-05-26T10:11:00.081000809Z,-80,Rssi,vuoy_surroundings,1
,,0,2023-04-29T17:38:55.044078847Z,2023-05-30T04:08:55.044078847Z,2023-05-26T10:11:03.461861125Z,-78,Rssi,vuoy_surroundings,1
,,0,2023-04-29T17:38:55.044078847Z,2023-05-30T04:08:55.044078847Z,2023-05-26T10:11:10.114025438Z,-79,Rssi,vuoy_surroundings,1
,,0,2023-04-29T17:38:55.044078847Z,2023-05-30T04:08:55.044078847Z,2023-05-26T10:11:13.847935739Z,-80,Rssi,vuoy_surroundings,1
,,0,2023-04-29T17:38:55.044078847Z,2023-05-30T04:08:55.044078847Z,2023-05-26T10:11:16.973061267Z,-79,Rssi,vuoy_surroundings,1
,,0,2023-04-29T17:38:55.044078847Z,2023-05-30T04:08:55.044078847Z,2023-05-26T10:11:20.655111858Z,-78,Rssi,vuoy_surroundings,1
,,0,2023-04-29T17:38:55.044078847Z,2023-05-30T04:08:55.044078847Z,2023-05-26T10:11:23.615332191Z,-81,Rssi,vuoy_surroundings,1
,,0,2023-04-29T17:38:55.044078847Z,2023-05-30T04:08:55.044078847Z,2023-05-26T10:11:27.412872377Z,-80,Rssi,vuoy_surroundings,1
,,0,2023-04-29T17:38:55.044078847Z,2023-05-30T04:08:55.044078847Z,2023-05-26T10:11:30.789976415Z,-82,Rssi,vuoy_surroundings,1
,,0,2023-04-29T17:38:55.044078847Z,2023-05-30T04:08:55.044078847Z,2023-05-26T10:11:33.835189885Z,-84,Rssi,vuoy_surroundings,1
,,0,2023-04-29T17:38:55.044078847Z,2023-05-30T04:08:55.044078847Z,2023-05-26T10:11:40.955802906Z,-80,Rssi,vuoy_surroundings,1
,,0,2023-04-29T17:38:55.044078847Z,2023-05-30T04:08:55.044078847Z,2023-05-26T10:11:44.246230358Z,-83,Rssi,vuoy_surroundings,1
,,0,2023-04-29T17:38:55.044078847Z,2023-05-30T04:08:55.044078847Z,2023-05-26T10:11:51.11992905Z,-78,Rssi,vuoy_surroundings,1
,,0,2023-04-29T17:38:55.044078847Z,2023-05-30T04:08:55.044078847Z,2023-05-26T10:11:57.995463901Z,-78,Rssi,vuoy_surroundings,1
,,0,2023-04-29T17:38:55.044078847Z,2023-05-30T04:08:55.044078847Z,2023-05-26T10:12:04.961523307Z,-82,Rssi,vuoy_surroundings,1
,,0,2023-04-29T17:38:55.044078847Z,2023-05-30T04:08:55.044078847Z,2023-05-26T10:12:08.348317751Z,-85,Rssi,vuoy_surroundings,1
,,0,2023-04-29T17:38:55.044078847Z,2023-05-30T04:08:55.044078847Z,2023-05-26T10:12:11.725109088Z,-87,Rssi,vuoy_surroundings,1
,,0,2023-04-29T17:38:55.044078847Z,2023-05-30T04:08:55.044078847Z,2023-05-26T10:12:14.905146482Z,-92,Rssi,vuoy_surroundings,1
,,0,2023-04-29T17:38:55.044078847Z,2023-05-30T04:08:55.044078847Z,2023-05-26T10:12:21.867242532Z,-96,Rssi,vuoy_surroundings,1
,,0,2023-04-29T17:38:55.044078847Z,2023-05-30T04:08:55.044078847Z,2023-05-26T10:12:25.247824141Z,-100,Rssi,vuoy_surroundings,1
,,0,2023-04-29T17:38:55.044078847Z,2023-05-30T04:08:55.044078847Z,2023-05-26T10:12:32.011089123Z,-83,Rssi,vuoy_surroundings,1
,,0,2023-04-29T17:38:55.044078847Z,2023-05-30T04:08:55.044078847Z,2023-05-26T10:12:35.387770241Z,-83,Rssi,vuoy_surroundings,1
,,0,2023-04-29T17:38:55.044078847Z,2023-05-30T04:08:55.044078847Z,2023-05-26T10:12:38.770811749Z,-87,Rssi,vuoy_surroundings,1
,,0,2023-04-29T17:38:55.044078847Z,2023-05-30T04:08:55.044078847Z,2023-05-26T10:12:42.135686251Z,-85,Rssi,vuoy_surroundings,1
,,0,2023-04-29T17:38:55.044078847Z,2023-05-30T04:08:55.044078847Z,2023-05-26T10:12:45.507066192Z,-89,Rssi,vuoy_surroundings,1
,,0,2023-04-29T17:38:55.044078847Z,2023-05-30T04:08:55.044078847Z,2023-05-26T10:12:48.872680061Z,-85,Rssi,vuoy_surroundings,1
,,0,2023-04-29T17:38:55.044078847Z,2023-05-30T04:08:55.044078847Z,2023-05-26T10:12:52.554703224Z,-85,Rssi,vuoy_surroundings,1
,,0,2023-04-29T17:38:55.044078847Z,2023-05-30T04:08:55.044078847Z,2023-05-26T10:12:59.188701891Z,-84,Rssi,vuoy_surroundings,1
,,0,2023-04-29T17:38:55.044078847Z,2023-05-30T04:08:55.044078847Z,2023-05-26T10:13:02.571714301Z,-96,Rssi,vuoy_surroundings,1
,,0,2023-04-29T17:38:55.044078847Z,2023-05-30T04:08:55.044078847Z,2023-05-26T10:13:06.050509136Z,-89,Rssi,vuoy_surroundings,1
,,0,2023-04-29T17:38:55.044078847Z,2023-05-30T04:08:55.044078847Z,2023-05-26T10:13:09.426833371Z,-87,Rssi,vuoy_surroundings,1
,,0,2023-04-29T17:38:55.044078847Z,2023-05-30T04:08:55.044078847Z,2023-05-26T10:13:12.803769339Z,-87,Rssi,vuoy_surroundings,1
,,0,2023-04-29T17:38:55.044078847Z,2023-05-30T04:08:55.044078847Z,2023-05-26T10:13:16.492537213Z,-88,Rssi,vuoy_surroundings,1
,,0,2023-04-29T17:38:55.044078847Z,2023-05-30T04:08:55.044078847Z,2023-05-26T10:13:23.241118956Z,-86,Rssi,vuoy_surroundings,1
,,0,2023-04-29T17:38:55.044078847Z,2023-05-30T04:08:55.044078847Z,2023-05-26T10:13:26.619683251Z,-86,Rssi,vuoy_surroundings,1
,,0,2023-04-29T17:38:55.044078847Z,2023-05-30T04:08:55.044078847Z,2023-05-26T10:13:29.994924514Z,-85,Rssi,vuoy_surroundings,1
,,0,2023-04-29T17:38:55.044078847Z,2023-05-30T04:08:55.044078847Z,2023-05-26T10:13:33.374510494Z,-86,Rssi,vuoy_surroundings,1
,,0,2023-04-29T17:38:55.044078847Z,2023-05-30T04:08:55.044078847Z,2023-05-26T10:13:36.753472335Z,-85,Rssi,vuoy_surroundings,1
,,0,2023-04-29T17:38:55.044078847Z,2023-05-30T04:08:55.044078847Z,2023-05-26T10:13:40.129792461Z,-88,Rssi,vuoy_surroundings,1
,,0,2023-04-29T17:38:55.044078847Z,2023-05-30T04:08:55.044078847Z,2023-05-26T10:13:46.885473125Z,-86,Rssi,vuoy_surroundings,1
,,0,2023-04-29T17:38:55.044078847Z,2023-05-30T04:08:55.044078847Z,2023-05-26T10:13:53.948110025Z,-86,Rssi,vuoy_surroundings,1
,,0,2023-04-29T17:38:55.044078847Z,2023-05-30T04:08:55.044078847Z,2023-05-26T10:14:00.39618934Z,-86,Rssi,vuoy_surroundings,1
,,0,2023-04-29T17:38:55.044078847Z,2023-05-30T04:08:55.044078847Z,2023-05-26T10:14:07.151066399Z,-85,Rssi,vuoy_surroundings,1
,,0,2023-04-29T17:38:55.044078847Z,2023-05-30T04:08:55.044078847Z,2023-05-26T10:14:14.143085317Z,-91,Rssi,vuoy_surroundings,1
,,0,2023-04-29T17:38:55.044078847Z,2023-05-30T04:08:55.044078847Z,2023-05-26T10:14:17.59506411Z,-89,Rssi,vuoy_surroundings,1
,,0,2023-04-29T17:38:55.044078847Z,2023-05-30T04:08:55.044078847Z,2023-05-26T10:14:20.970172352Z,-91,Rssi,vuoy_surroundings,1
,,0,2023-04-29T17:38:55.044078847Z,2023-05-30T04:08:55.044078847Z,2023-05-26T10:14:24.347821575Z,-86,Rssi,vuoy_surroundings,1
,,0,2023-04-29T17:38:55.044078847Z,2023-05-30T04:08:55.044078847Z,2023-05-26T10:14:28.085728898Z,-91,Rssi,vuoy_surroundings,1
,,0,2023-04-29T17:38:55.044078847Z,2023-05-30T04:08:55.044078847Z,2023-05-26T10:14:31.715633118Z,-85,Rssi,vuoy_surroundings,1
,,0,2023-04-29T17:38:55.044078847Z,2023-05-30T04:08:55.044078847Z,2023-05-26T10:14:34.481648238Z,-91,Rssi,vuoy_surroundings,1
,,0,2023-04-29T17:38:55.044078847Z,2023-05-30T04:08:55.044078847Z,2023-05-26T10:14:37.860246554Z,-88,Rssi,vuoy_surroundings,1
,,0,2023-04-29T17:38:55.044078847Z,2023-05-30T04:08:55.044078847Z,2023-05-26T10:14:44.930355905Z,-85,Rssi,vuoy_surroundings,1
,,0,2023-04-29T17:38:55.044078847Z,2023-05-30T04:08:55.044078847Z,2023-05-26T10:14:51.678698138Z,-101,Rssi,vuoy_surroundings,1
,,0,2023-04-29T17:38:55.044078847Z,2023-05-30T04:08:55.044078847Z,2023-05-26T10:14:58.359372595Z,-93,Rssi,vuoy_surroundings,1
,,0,2023-04-29T17:38:55.044078847Z,2023-05-30T04:08:55.044078847Z,2023-05-26T10:15:01.813036295Z,-95,Rssi,vuoy_surroundings,1
,,0,2023-04-29T17:38:55.044078847Z,2023-05-30T04:08:55.044078847Z,2023-05-26T10:15:08.569235617Z,-89,Rssi,vuoy_surroundings,1
,,0,2023-04-29T17:38:55.044078847Z,2023-05-30T04:08:55.044078847Z,2023-05-26T10:15:12.254348472Z,-91,Rssi,vuoy_surroundings,1
,,0,2023-04-29T17:38:55.044078847Z,2023-05-30T04:08:55.044078847Z,2023-05-26T10:15:15.325754518Z,-89,Rssi,vuoy_surroundings,1
,,0,2023-04-29T17:38:55.044078847Z,2023-05-30T04:08:55.044078847Z,2023-05-26T10:15:22.389513499Z,-91,Rssi,vuoy_surroundings,1
,,0,2023-04-29T17:38:55.044078847Z,2023-05-30T04:08:55.044078847Z,2023-05-26T10:15:25.766647895Z,-91,Rssi,vuoy_surroundings,1
,,0,2023-04-29T17:38:55.044078847Z,2023-05-30T04:08:55.044078847Z,2023-05-26T10:15:29.112889276Z,-98,Rssi,vuoy_surroundings,1
,,0,2023-04-29T17:38:55.044078847Z,2023-05-30T04:08:55.044078847Z,2023-05-26T10:15:32.524144672Z,-99,Rssi,vuoy_surroundings,1
,,0,2023-04-29T17:38:55.044078847Z,2023-05-30T04:08:55.044078847Z,2023-05-26T10:15:35.903453139Z,-92,Rssi,vuoy_surroundings,1
,,0,2023-04-29T17:38:55.044078847Z,2023-05-30T04:08:55.044078847Z,2023-05-26T10:15:43.062792156Z,-96,Rssi,vuoy_surroundings,1
,,0,2023-04-29T17:38:55.044078847Z,2023-05-30T04:08:55.044078847Z,2023-05-26T10:15:46.344245144Z,-97,Rssi,vuoy_surroundings,1
,,0,2023-04-29T17:38:55.044078847Z,2023-05-30T04:08:55.044078847Z,2023-05-26T10:15:49.413814314Z,-99,Rssi,vuoy_surroundings,1
,,0,2023-04-29T17:38:55.044078847Z,2023-05-30T04:08:55.044078847Z,2023-05-26T10:15:52.792153643Z,-97,Rssi,vuoy_surroundings,1
,,0,2023-04-29T17:38:55.044078847Z,2023-05-30T04:08:55.044078847Z,2023-05-26T10:15:59.854098267Z,-98,Rssi,vuoy_surroundings,1
,,0,2023-04-29T17:38:55.044078847Z,2023-05-30T04:08:55.044078847Z,2023-05-26T10:16:06.712546696Z,-96,Rssi,vuoy_surroundings,1
,,0,2023-04-29T17:38:55.044078847Z,2023-05-30T04:08:55.044078847Z,2023-05-26T10:16:09.984703326Z,-94,Rssi,vuoy_surroundings,1
,,0,2023-04-29T17:38:55.044078847Z,2023-05-30T04:08:55.044078847Z,2023-05-26T10:16:13.316317733Z,-97,Rssi,vuoy_surroundings,1
,,0,2023-04-29T17:38:55.044078847Z,2023-05-30T04:08:55.044078847Z,2023-05-26T10:16:20.119429651Z,-96,Rssi,vuoy_surroundings,1
,,0,2023-04-29T17:38:55.044078847Z,2023-05-30T04:08:55.044078847Z,2023-05-26T10:16:23.498545575Z,-97,Rssi,vuoy_surroundings,1
,,0,2023-04-29T17:38:55.044078847Z,2023-05-30T04:08:55.044078847Z,2023-05-26T10:16:30.56452433Z,-94,Rssi,vuoy_surroundings,1
,,0,2023-04-29T17:38:55.044078847Z,2023-05-30T04:08:55.044078847Z,2023-05-26T10:16:33.938365445Z,-93,Rssi,vuoy_surroundings,1
,,0,2023-04-29T17:38:55.044078847Z,2023-05-30T04:08:55.044078847Z,2023-05-26T10:16:40.695102097Z,-94,Rssi,vuoy_surroundings,1
,,0,2023-04-29T17:38:55.044078847Z,2023-05-30T04:08:55.044078847Z,2023-05-26T10:16:44.188408614Z,-93,Rssi,vuoy_surroundings,1
,,0,2023-04-29T17:38:55.044078847Z,2023-05-30T04:08:55.044078847Z,2023-05-26T10:16:47.449235001Z,-94,Rssi,vuoy_surroundings,1
,,0,2023-04-29T17:38:55.044078847Z,2023-05-30T04:08:55.044078847Z,2023-05-26T10:16:54.204924387Z,-93,Rssi,vuoy_surroundings,1
,,0,2023-04-29T17:38:55.044078847Z,2023-05-30T04:08:55.044078847Z,2023-05-26T10:16:57.59258947Z,-91,Rssi,vuoy_surroundings,1
,,0,2023-04-29T17:38:55.044078847Z,2023-05-30T04:08:55.044078847Z,2023-05-26T10:17:04.337893784Z,-88,Rssi,vuoy_surroundings,1
,,0,2023-04-29T17:38:55.044078847Z,2023-05-30T04:08:55.044078847Z,2023-05-26T10:17:07.717403748Z,-86,Rssi,vuoy_surroundings,1
,,0,2023-04-29T17:38:55.044078847Z,2023-05-30T04:08:55.044078847Z,2023-05-26T10:17:11.094647507Z,-86,Rssi,vuoy_surroundings,1
,,0,2023-04-29T17:38:55.044078847Z,2023-05-30T04:08:55.044078847Z,2023-05-26T10:17:14.780526531Z,-85,Rssi,vuoy_surroundings,1
,,0,2023-04-29T17:38:55.044078847Z,2023-05-30T04:08:55.044078847Z,2023-05-26T10:17:18.160977944Z,-85,Rssi,vuoy_surroundings,1
,,0,2023-04-29T17:38:55.044078847Z,2023-05-30T04:08:55.044078847Z,2023-05-26T10:17:21.330865108Z,-97,Rssi,vuoy_surroundings,1
,,0,2023-04-29T17:38:55.044078847Z,2023-05-30T04:08:55.044078847Z,2023-05-26T10:17:24.913256145Z,-97,Rssi,vuoy_surroundings,1
,,0,2023-04-29T17:38:55.044078847Z,2023-05-30T04:08:55.044078847Z,2023-05-26T10:17:31.669445403Z,-97,Rssi,vuoy_surroundings,1
,,0,2023-04-29T17:38:55.044078847Z,2023-05-30T04:08:55.044078847Z,2023-05-26T10:17:35.35083017Z,-104,Rssi,vuoy_surroundings,1
,,0,2023-04-29T17:38:55.044078847Z,2023-05-30T04:08:55.044078847Z,2023-05-26T10:17:38.425459136Z,-99,Rssi,vuoy_surroundings,1
,,0,2023-04-29T17:38:55.044078847Z,2023-05-30T04:08:55.044078847Z,2023-05-26T10:17:41.80384165Z,-102,Rssi,vuoy_surroundings,1
,,0,2023-04-29T17:38:55.044078847Z,2023-05-30T04:08:55.044078847Z,2023-05-26T10:17:45.181170909Z,-106,Rssi,vuoy_surroundings,1
,,0,2023-04-29T17:38:55.044078847Z,2023-05-30T04:08:55.044078847Z,2023-05-26T10:17:48.866293986Z,-104,Rssi,vuoy_surroundings,1
,,0,2023-04-29T17:38:55.044078847Z,2023-05-30T04:08:55.044078847Z,2023-05-26T10:17:52.260291419Z,-102,Rssi,vuoy_surroundings,1
,,0,2023-04-29T17:38:55.044078847Z,2023-05-30T04:08:55.044078847Z,2023-05-26T10:17:55.622419426Z,-104,Rssi,vuoy_surroundings,1
,,0,2023-04-29T17:38:55.044078847Z,2023-05-30T04:08:55.044078847Z,2023-05-26T10:17:58.888909192Z,-95,Rssi,vuoy_surroundings,1
,,0,2023-04-29T17:38:55.044078847Z,2023-05-30T04:08:55.044078847Z,2023-05-26T10:18:02.378306029Z,-96,Rssi,vuoy_surroundings,1
,,0,2023-04-29T17:38:55.044078847Z,2023-05-30T04:08:55.044078847Z,2023-05-26T10:18:05.754662139Z,-96,Rssi,vuoy_surroundings,1
,,0,2023-04-29T17:38:55.044078847Z,2023-05-30T04:08:55.044078847Z,2023-05-26T10:18:09.134560767Z,-100,Rssi,vuoy_surroundings,1
,,0,2023-04-29T17:38:55.044078847Z,2023-05-30T04:08:55.044078847Z,2023-05-26T10:18:12.516143394Z,-100,Rssi,vuoy_surroundings,1
,,0,2023-04-29T17:38:55.044078847Z,2023-05-30T04:08:55.044078847Z,2023-05-26T10:18:16.197684767Z,-97,Rssi,vuoy_surroundings,1
,,0,2023-04-29T17:38:55.044078847Z,2023-05-30T04:08:55.044078847Z,2023-05-26T10:18:19.174792059Z,-98,Rssi,vuoy_surroundings,1
,,0,2023-04-29T17:38:55.044078847Z,2023-05-30T04:08:55.044078847Z,2023-05-26T10:18:26.341530894Z,-100,Rssi,vuoy_surroundings,1
,,0,2023-04-29T17:38:55.044078847Z,2023-05-30T04:08:55.044078847Z,2023-05-26T10:18:33.093854438Z,-106,Rssi,vuoy_surroundings,1
,,0,2023-04-29T17:38:55.044078847Z,2023-05-30T04:08:55.044078847Z,2023-05-26T10:18:36.465583538Z,-102,Rssi,vuoy_surroundings,1
,,0,2023-04-29T17:38:55.044078847Z,2023-05-30T04:08:55.044078847Z,2023-05-26T10:18:43.335659606Z,-100,Rssi,vuoy_surroundings,1
,,0,2023-04-29T17:38:55.044078847Z,2023-05-30T04:08:55.044078847Z,2023-05-26T10:18:49.982508782Z,-110,Rssi,vuoy_surroundings,1
,,0,2023-04-29T17:38:55.044078847Z,2023-05-30T04:08:55.044078847Z,2023-05-26T10:18:56.743823214Z,-104,Rssi,vuoy_surroundings,1
,,0,2023-04-29T17:38:55.044078847Z,2023-05-30T04:08:55.044078847Z,2023-05-26T10:19:00.419141394Z,-102,Rssi,vuoy_surroundings,1
,,0,2023-04-29T17:38:55.044078847Z,2023-05-30T04:08:55.044078847Z,2023-05-26T10:19:07.173397231Z,-95,Rssi,vuoy_surroundings,1
,,0,2023-04-29T17:38:55.044078847Z,2023-05-30T04:08:55.044078847Z,2023-05-26T10:19:14.001751112Z,-97,Rssi,vuoy_surroundings,1
,,0,2023-04-29T17:38:55.044078847Z,2023-05-30T04:08:55.044078847Z,2023-05-26T10:19:17.310113667Z,-92,Rssi,vuoy_surroundings,1
,,0,2023-04-29T17:38:55.044078847Z,2023-05-30T04:08:55.044078847Z,2023-05-26T10:19:20.682399124Z,-81,Rssi,vuoy_surroundings,1
,,0,2023-04-29T17:38:55.044078847Z,2023-05-30T04:08:55.044078847Z,2023-05-26T10:19:24.065955506Z,-82,Rssi,vuoy_surroundings,1
,,0,2023-04-29T17:38:55.044078847Z,2023-05-30T04:08:55.044078847Z,2023-05-26T10:19:27.44151536Z,-80,Rssi,vuoy_surroundings,1
,,0,2023-04-29T17:38:55.044078847Z,2023-05-30T04:08:55.044078847Z,2023-05-26T10:19:31.129544573Z,-74,Rssi,vuoy_surroundings,1
,,0,2023-04-29T17:38:55.044078847Z,2023-05-30T04:08:55.044078847Z,2023-05-26T10:19:34.097268431Z,-75,Rssi,vuoy_surroundings,1
,,0,2023-04-29T17:38:55.044078847Z,2023-05-30T04:08:55.044078847Z,2023-05-26T10:19:40.957228898Z,-69,Rssi,vuoy_surroundings,1
,,0,2023-04-29T17:38:55.044078847Z,2023-05-30T04:08:55.044078847Z,2023-05-26T10:19:47.811698784Z,-65,Rssi,vuoy_surroundings,1
,,0,2023-04-29T17:38:55.044078847Z,2023-05-30T04:08:55.044078847Z,2023-05-26T10:19:51.394461729Z,-79,Rssi,vuoy_surroundings,1
,,0,2023-04-29T17:38:55.044078847Z,2023-05-30T04:08:55.044078847Z,2023-05-26T10:19:54.772388534Z,-69,Rssi,vuoy_surroundings,1
,,0,2023-04-29T17:38:55.044078847Z,2023-05-30T04:08:55.044078847Z,2023-05-26T10:19:58.268137995Z,-70,Rssi,vuoy_surroundings,1
,,0,2023-04-29T17:38:55.044078847Z,2023-05-30T04:08:55.044078847Z,2023-05-26T10:20:01.836753213Z,-72,Rssi,vuoy_surroundings,1
,,0,2023-04-29T17:38:55.044078847Z,2023-05-30T04:08:55.044078847Z,2023-05-26T10:20:04.910013346Z,-70,Rssi,vuoy_surroundings,1
,,0,2023-04-29T17:38:55.044078847Z,2023-05-30T04:08:55.044078847Z,2023-05-26T10:20:15.081825584Z,-70,Rssi,vuoy_surroundings,1
,,0,2023-04-29T17:38:55.044078847Z,2023-05-30T04:08:55.044078847Z,2023-05-26T10:20:18.789605713Z,-72,Rssi,vuoy_surroundings,1
,,0,2023-04-29T17:38:55.044078847Z,2023-05-30T04:08:55.044078847Z,2023-05-26T10:20:22.183221142Z,-74,Rssi,vuoy_surroundings,1
,,0,2023-04-29T17:38:55.044078847Z,2023-05-30T04:08:55.044078847Z,2023-05-26T10:20:29.210732416Z,-69,Rssi,vuoy_surroundings,1
,,0,2023-04-29T17:38:55.044078847Z,2023-05-30T04:08:55.044078847Z,2023-05-26T10:20:32.360413684Z,-68,Rssi,vuoy_surroundings,1
,,0,2023-04-29T17:38:55.044078847Z,2023-05-30T04:08:55.044078847Z,2023-05-26T10:20:35.744031939Z,-69,Rssi,vuoy_surroundings,1
,,0,2023-04-29T17:38:55.044078847Z,2023-05-30T04:08:55.044078847Z,2023-05-26T10:20:42.934305481Z,-70,Rssi,vuoy_surroundings,1
,,0,2023-04-29T17:38:55.044078847Z,2023-05-30T04:08:55.044078847Z,2023-05-26T10:20:46.21467207Z,-69,Rssi,vuoy_surroundings,1
,,0,2023-04-29T17:38:55.044078847Z,2023-05-30T04:08:55.044078847Z,2023-05-26T10:20:52.986238333Z,-70,Rssi,vuoy_surroundings,1
,,0,2023-04-29T17:38:55.044078847Z,2023-05-30T04:08:55.044078847Z,2023-05-26T10:20:59.755909379Z,-68,Rssi,vuoy_surroundings,1
,,0,2023-04-29T17:38:55.044078847Z,2023-05-30T04:08:55.044078847Z,2023-05-26T10:21:03.142300615Z,-68,Rssi,vuoy_surroundings,1
,,0,2023-04-29T17:38:55.044078847Z,2023-05-30T04:08:55.044078847Z,2023-05-26T10:21:06.524132741Z,-67,Rssi,vuoy_surroundings,1
,,0,2023-04-29T17:38:55.044078847Z,2023-05-30T04:08:55.044078847Z,2023-05-26T10:21:13.125121084Z,-61,Rssi,vuoy_surroundings,1
,,0,2023-04-29T17:38:55.044078847Z,2023-05-30T04:08:55.044078847Z,2023-05-26T10:21:16.980924227Z,-64,Rssi,vuoy_surroundings,1
,,0,2023-04-29T17:38:55.044078847Z,2023-05-30T04:08:55.044078847Z,2023-05-26T10:21:20.051860123Z,-59,Rssi,vuoy_surroundings,1
,,0,2023-04-29T17:38:55.044078847Z,2023-05-30T04:08:55.044078847Z,2023-05-26T10:21:23.438519941Z,-68,Rssi,vuoy_surroundings,1
,,0,2023-04-29T17:38:55.044078847Z,2023-05-30T04:08:55.044078847Z,2023-05-26T10:21:30.202338552Z,-64,Rssi,vuoy_surroundings,1
,,0,2023-04-29T17:38:55.044078847Z,2023-05-30T04:08:55.044078847Z,2023-05-26T10:21:33.894507145Z,-64,Rssi,vuoy_surroundings,1
,,0,2023-04-29T17:38:55.044078847Z,2023-05-30T04:08:55.044078847Z,2023-05-26T10:21:37.132891361Z,-65,Rssi,vuoy_surroundings,1
,,0,2023-04-29T17:38:55.044078847Z,2023-05-30T04:08:55.044078847Z,2023-05-26T10:21:44.041609569Z,-68,Rssi,vuoy_surroundings,1
,,0,2023-04-29T17:38:55.044078847Z,2023-05-30T04:08:55.044078847Z,2023-05-26T10:21:47.421447675Z,-68,Rssi,vuoy_surroundings,1
,,0,2023-04-29T17:38:55.044078847Z,2023-05-30T04:08:55.044078847Z,2023-05-26T10:21:54.180820617Z,-69,Rssi,vuoy_surroundings,1
,,0,2023-04-29T17:38:55.044078847Z,2023-05-30T04:08:55.044078847Z,2023-05-26T10:21:57.809404517Z,-66,Rssi,vuoy_surroundings,1
,,0,2023-04-29T17:38:55.044078847Z,2023-05-30T04:08:55.044078847Z,2023-05-26T10:22:01.055713684Z,-67,Rssi,vuoy_surroundings,1
,,0,2023-04-29T17:38:55.044078847Z,2023-05-30T04:08:55.044078847Z,2023-05-26T10:22:04.321345076Z,-66,Rssi,vuoy_surroundings,1
,,0,2023-04-29T17:38:55.044078847Z,2023-05-30T04:08:55.044078847Z,2023-05-26T10:22:11.392737707Z,-68,Rssi,vuoy_surroundings,1
,,0,2023-04-29T17:38:55.044078847Z,2023-05-30T04:08:55.044078847Z,2023-05-26T10:22:15.079977174Z,-68,Rssi,vuoy_surroundings,1
,,0,2023-04-29T17:38:55.044078847Z,2023-05-30T04:08:55.044078847Z,2023-05-26T10:22:17.845801881Z,-67,Rssi,vuoy_surroundings,1
,,0,2023-04-29T17:38:55.044078847Z,2023-05-30T04:08:55.044078847Z,2023-05-26T10:22:21.523929805Z,-67,Rssi,vuoy_surroundings,1
,,0,2023-04-29T17:38:55.044078847Z,2023-05-30T04:08:55.044078847Z,2023-05-26T10:22:28.243290394Z,-66,Rssi,vuoy_surroundings,1
,,0,2023-04-29T17:38:55.044078847Z,2023-05-30T04:08:55.044078847Z,2023-05-26T10:22:31.651908098Z,-68,Rssi,vuoy_surroundings,1
,,0,2023-04-29T17:38:55.044078847Z,2023-05-30T04:08:55.044078847Z,2023-05-26T10:22:38.404657159Z,-67,Rssi,vuoy_surroundings,1
,,0,2023-04-29T17:38:55.044078847Z,2023-05-30T04:08:55.044078847Z,2023-05-26T10:22:41.781552046Z,-68,Rssi,vuoy_surroundings,1
,,0,2023-04-29T17:38:55.044078847Z,2023-05-30T04:08:55.044078847Z,2023-05-26T10:22:48.843038704Z,-68,Rssi,vuoy_surroundings,1
,,0,2023-04-29T17:38:55.044078847Z,2023-05-30T04:08:55.044078847Z,2023-05-26T10:22:55.598515057Z,-67,Rssi,vuoy_surroundings,1
,,0,2023-04-29T17:38:55.044078847Z,2023-05-30T04:08:55.044078847Z,2023-05-26T10:23:02.354831474Z,-72,Rssi,vuoy_surroundings,1
,,0,2023-04-29T17:38:55.044078847Z,2023-05-30T04:08:55.044078847Z,2023-05-26T10:23:06.040524333Z,-68,Rssi,vuoy_surroundings,1
,,0,2023-04-29T17:38:55.044078847Z,2023-05-30T04:08:55.044078847Z,2023-05-26T10:23:09.112124848Z,-70,Rssi,vuoy_surroundings,1
,,0,2023-04-29T17:38:55.044078847Z,2023-05-30T04:08:55.044078847Z,2023-05-26T10:23:16.176048212Z,-70,Rssi,vuoy_surroundings,1
,,0,2023-04-29T17:38:55.044078847Z,2023-05-30T04:08:55.044078847Z,2023-05-26T10:23:19.245277246Z,-70,Rssi,vuoy_surroundings,1
,,0,2023-04-29T17:38:55.044078847Z,2023-05-30T04:08:55.044078847Z,2023-05-26T10:23:22.934244825Z,-72,Rssi,vuoy_surroundings,1
,,0,2023-04-29T17:38:55.044078847Z,2023-05-30T04:08:55.044078847Z,2023-05-26T10:23:30.00325854Z,-81,Rssi,vuoy_surroundings,1
,,0,2023-04-29T17:38:55.044078847Z,2023-05-30T04:08:55.044078847Z,2023-05-26T10:23:33.07115562Z,-83,Rssi,vuoy_surroundings,1
,,0,2023-04-29T17:38:55.044078847Z,2023-05-30T04:08:55.044078847Z,2023-05-26T10:23:36.450816021Z,-86,Rssi,vuoy_surroundings,1
,,0,2023-04-29T17:38:55.044078847Z,2023-05-30T04:08:55.044078847Z,2023-05-26T10:23:39.838798459Z,-82,Rssi,vuoy_surroundings,1
,,0,2023-04-29T17:38:55.044078847Z,2023-05-30T04:08:55.044078847Z,2023-05-26T10:23:43.204297606Z,-80,Rssi,vuoy_surroundings,1
,,0,2023-04-29T17:38:55.044078847Z,2023-05-30T04:08:55.044078847Z,2023-05-26T10:23:46.588171025Z,-84,Rssi,vuoy_surroundings,1
,,0,2023-04-29T17:38:55.044078847Z,2023-05-30T04:08:55.044078847Z,2023-05-26T10:23:53.347723166Z,-80,Rssi,vuoy_surroundings,1
,,0,2023-04-29T17:38:55.044078847Z,2023-05-30T04:08:55.044078847Z,2023-05-26T10:23:57.034922199Z,-79,Rssi,vuoy_surroundings,1
,,0,2023-04-29T17:38:55.044078847Z,2023-05-30T04:08:55.044078847Z,2023-05-26T10:24:03.485878633Z,-79,Rssi,vuoy_surroundings,1
,,0,2023-04-29T17:38:55.044078847Z,2023-05-30T04:08:55.044078847Z,2023-05-26T10:24:06.865380709Z,-79,Rssi,vuoy_surroundings,1
,,0,2023-04-29T17:38:55.044078847Z,2023-05-30T04:08:55.044078847Z,2023-05-26T10:24:14.003966217Z,-80,Rssi,vuoy_surroundings,1
,,0,2023-04-29T17:38:55.044078847Z,2023-05-30T04:08:55.044078847Z,2023-05-26T10:24:17.309093029Z,-80,Rssi,vuoy_surroundings,1
,,0,2023-04-29T17:38:55.044078847Z,2023-05-30T04:08:55.044078847Z,2023-05-26T10:24:24.070638767Z,-79,Rssi,vuoy_surroundings,1
,,0,2023-04-29T17:38:55.044078847Z,2023-05-30T04:08:55.044078847Z,2023-05-26T10:24:27.426091545Z,-80,Rssi,vuoy_surroundings,1
,,0,2023-04-29T17:38:55.044078847Z,2023-05-30T04:08:55.044078847Z,2023-05-26T10:24:34.133542473Z,-80,Rssi,vuoy_surroundings,1
,,0,2023-04-29T17:38:55.044078847Z,2023-05-30T04:08:55.044078847Z,2023-05-26T10:24:37.53815786Z,-80,Rssi,vuoy_surroundings,1
,,0,2023-04-29T17:38:55.044078847Z,2023-05-30T04:08:55.044078847Z,2023-05-26T10:24:40.865778421Z,-80,Rssi,vuoy_surroundings,1
,,0,2023-04-29T17:38:55.044078847Z,2023-05-30T04:08:55.044078847Z,2023-05-26T10:24:44.428164519Z,-81,Rssi,vuoy_surroundings,1
,,0,2023-04-29T17:38:55.044078847Z,2023-05-30T04:08:55.044078847Z,2023-05-26T10:24:47.593182869Z,-81,Rssi,vuoy_surroundings,1
,,0,2023-04-29T17:38:55.044078847Z,2023-05-30T04:08:55.044078847Z,2023-05-26T10:24:54.583923656Z,-79,Rssi,vuoy_surroundings,1
,,0,2023-04-29T17:38:55.044078847Z,2023-05-30T04:08:55.044078847Z,2023-05-26T10:24:58.130972112Z,-80,Rssi,vuoy_surroundings,1
,,0,2023-04-29T17:38:55.044078847Z,2023-05-30T04:08:55.044078847Z,2023-05-26T10:25:01.391700077Z,-79,Rssi,vuoy_surroundings,1
,,0,2023-04-29T17:38:55.044078847Z,2023-05-30T04:08:55.044078847Z,2023-05-26T10:25:08.139126763Z,-78,Rssi,vuoy_surroundings,1
,,0,2023-04-29T17:38:55.044078847Z,2023-05-30T04:08:55.044078847Z,2023-05-26T10:25:11.514297535Z,-78,Rssi,vuoy_surroundings,1
,,0,2023-04-29T17:38:55.044078847Z,2023-05-30T04:08:55.044078847Z,2023-05-26T10:25:14.890233556Z,-75,Rssi,vuoy_surroundings,1
,,0,2023-04-29T17:38:55.044078847Z,2023-05-30T04:08:55.044078847Z,2023-05-26T10:25:18.573476822Z,-72,Rssi,vuoy_surroundings,1
,,0,2023-04-29T17:38:55.044078847Z,2023-05-30T04:08:55.044078847Z,2023-05-26T10:25:21.950385431Z,-74,Rssi,vuoy_surroundings,1
,,0,2023-04-29T17:38:55.044078847Z,2023-05-30T04:08:55.044078847Z,2023-05-26T10:25:25.304466117Z,-79,Rssi,vuoy_surroundings,1
,,0,2023-04-29T17:38:55.044078847Z,2023-05-30T04:08:55.044078847Z,2023-05-26T10:25:28.813838397Z,-78,Rssi,vuoy_surroundings,1
,,0,2023-04-29T17:38:55.044078847Z,2023-05-30T04:08:55.044078847Z,2023-05-26T10:25:32.120952775Z,-85,Rssi,vuoy_surroundings,1
,,0,2023-04-29T17:38:55.044078847Z,2023-05-30T04:08:55.044078847Z,2023-05-26T10:25:35.549755892Z,-97,Rssi,vuoy_surroundings,1
,,0,2023-04-29T17:38:55.044078847Z,2023-05-30T04:08:55.044078847Z,2023-05-26T10:25:42.669852461Z,-83,Rssi,vuoy_surroundings,1
,,0,2023-04-29T17:38:55.044078847Z,2023-05-30T04:08:55.044078847Z,2023-05-26T10:25:45.704037721Z,-83,Rssi,vuoy_surroundings,1
,,0,2023-04-29T17:38:55.044078847Z,2023-05-30T04:08:55.044078847Z,2023-05-26T10:25:49.130002967Z,-86,Rssi,vuoy_surroundings,1
,,0,2023-04-29T17:38:55.044078847Z,2023-05-30T04:08:55.044078847Z,2023-05-26T10:25:56.153843521Z,-84,Rssi,vuoy_surroundings,1
,,0,2023-04-29T17:38:55.044078847Z,2023-05-30T04:08:55.044078847Z,2023-05-26T10:26:02.971401559Z,-83,Rssi,vuoy_surroundings,1
,,0,2023-04-29T17:38:55.044078847Z,2023-05-30T04:08:55.044078847Z,2023-05-26T10:26:09.748720911Z,-83,Rssi,vuoy_surroundings,1
,,0,2023-04-29T17:38:55.044078847Z,2023-05-30T04:08:55.044078847Z,2023-05-26T10:26:13.246396092Z,-84,Rssi,vuoy_surroundings,1
,,0,2023-04-29T17:38:55.044078847Z,2023-05-30T04:08:55.044078847Z,2023-05-26T10:26:19.904628201Z,-83,Rssi,vuoy_surroundings,1
,,0,2023-04-29T17:38:55.044078847Z,2023-05-30T04:08:55.044078847Z,2023-05-26T10:26:26.673600425Z,-82,Rssi,vuoy_surroundings,1
,,0,2023-04-29T17:38:55.044078847Z,2023-05-30T04:08:55.044078847Z,2023-05-26T10:26:30.052912348Z,-83,Rssi,vuoy_surroundings,1
,,0,2023-04-29T17:38:55.044078847Z,2023-05-30T04:08:55.044078847Z,2023-05-26T10:26:37.126757919Z,-83,Rssi,vuoy_surroundings,1
,,0,2023-04-29T17:38:55.044078847Z,2023-05-30T04:08:55.044078847Z,2023-05-26T10:26:40.508115011Z,-83,Rssi,vuoy_surroundings,1
,,0,2023-04-29T17:38:55.044078847Z,2023-05-30T04:08:55.044078847Z,2023-05-26T10:26:43.967208049Z,-82,Rssi,vuoy_surroundings,1
,,0,2023-04-29T17:38:55.044078847Z,2023-05-30T04:08:55.044078847Z,2023-05-26T10:26:47.13213561Z,-83,Rssi,vuoy_surroundings,1
,,0,2023-04-29T17:38:55.044078847Z,2023-05-30T04:08:55.044078847Z,2023-05-26T10:26:50.653813047Z,-85,Rssi,vuoy_surroundings,1
,,0,2023-04-29T17:38:55.044078847Z,2023-05-30T04:08:55.044078847Z,2023-05-26T10:26:57.294956731Z,-79,Rssi,vuoy_surroundings,1
,,0,2023-04-29T17:38:55.044078847Z,2023-05-30T04:08:55.044078847Z,2023-05-26T10:27:04.178134856Z,-81,Rssi,vuoy_surroundings,1
,,0,2023-04-29T17:38:55.044078847Z,2023-05-30T04:08:55.044078847Z,2023-05-26T10:27:07.556137618Z,-82,Rssi,vuoy_surroundings,1
,,0,2023-04-29T17:38:55.044078847Z,2023-05-30T04:08:55.044078847Z,2023-05-26T10:27:11.232248081Z,-87,Rssi,vuoy_surroundings,1
,,0,2023-04-29T17:38:55.044078847Z,2023-05-30T04:08:55.044078847Z,2023-05-26T10:27:17.976305126Z,-86,Rssi,vuoy_surroundings,1
,,0,2023-04-29T17:38:55.044078847Z,2023-05-30T04:08:55.044078847Z,2023-05-26T10:27:21.348539536Z,-86,Rssi,vuoy_surroundings,1
,,0,2023-04-29T17:38:55.044078847Z,2023-05-30T04:08:55.044078847Z,2023-05-26T10:27:24.723249568Z,-85,Rssi,vuoy_surroundings,1
,,0,2023-04-29T17:38:55.044078847Z,2023-05-30T04:08:55.044078847Z,2023-05-26T10:27:27.819947126Z,-85,Rssi,vuoy_surroundings,1
,,0,2023-04-29T17:38:55.044078847Z,2023-05-30T04:08:55.044078847Z,2023-05-26T10:27:31.475789603Z,-85,Rssi,vuoy_surroundings,1
,,0,2023-04-29T17:38:55.044078847Z,2023-05-30T04:08:55.044078847Z,2023-05-26T10:27:34.852666533Z,-86,Rssi,vuoy_surroundings,1
,,0,2023-04-29T17:38:55.044078847Z,2023-05-30T04:08:55.044078847Z,2023-05-26T10:27:41.914103765Z,-88,Rssi,vuoy_surroundings,1
,,0,2023-04-29T17:38:55.044078847Z,2023-05-30T04:08:55.044078847Z,2023-05-26T10:27:52.050497191Z,-87,Rssi,vuoy_surroundings,1
,,0,2023-04-29T17:38:55.044078847Z,2023-05-30T04:08:55.044078847Z,2023-05-26T10:27:55.430622699Z,-88,Rssi,vuoy_surroundings,1
,,0,2023-04-29T17:38:55.044078847Z,2023-05-30T04:08:55.044078847Z,2023-05-26T10:28:02.186687562Z,-86,Rssi,vuoy_surroundings,1
,,0,2023-04-29T17:38:55.044078847Z,2023-05-30T04:08:55.044078847Z,2023-05-26T10:28:05.565900068Z,-87,Rssi,vuoy_surroundings,1
,,0,2023-04-29T17:38:55.044078847Z,2023-05-30T04:08:55.044078847Z,2023-05-26T10:28:08.842770604Z,-86,Rssi,vuoy_surroundings,1
,,0,2023-04-29T17:38:55.044078847Z,2023-05-30T04:08:55.044078847Z,2023-05-26T10:28:12.121776728Z,-87,Rssi,vuoy_surroundings,1
,,0,2023-04-29T17:38:55.044078847Z,2023-05-30T04:08:55.044078847Z,2023-05-26T10:28:16.010746636Z,-86,Rssi,vuoy_surroundings,1
,,0,2023-04-29T17:38:55.044078847Z,2023-05-30T04:08:55.044078847Z,2023-05-26T10:28:22.769728198Z,-86,Rssi,vuoy_surroundings,1
,,0,2023-04-29T17:38:55.044078847Z,2023-05-30T04:08:55.044078847Z,2023-05-26T10:28:26.149119479Z,-85,Rssi,vuoy_surroundings,1
,,0,2023-04-29T17:38:55.044078847Z,2023-05-30T04:08:55.044078847Z,2023-05-26T10:28:29.528616327Z,-85,Rssi,vuoy_surroundings,1
,,0,2023-04-29T17:38:55.044078847Z,2023-05-30T04:08:55.044078847Z,2023-05-26T10:28:32.599050708Z,-85,Rssi,vuoy_surroundings,1
,,0,2023-04-29T17:38:55.044078847Z,2023-05-30T04:08:55.044078847Z,2023-05-26T10:28:36.293509302Z,-86,Rssi,vuoy_surroundings,1
,,0,2023-04-29T17:38:55.044078847Z,2023-05-30T04:08:55.044078847Z,2023-05-26T10:28:39.666913431Z,-84,Rssi,vuoy_surroundings,1
,,0,2023-04-29T17:38:55.044078847Z,2023-05-30T04:08:55.044078847Z,2023-05-26T10:28:46.425616879Z,-82,Rssi,vuoy_surroundings,1
,,0,2023-04-29T17:38:55.044078847Z,2023-05-30T04:08:55.044078847Z,2023-05-26T10:28:49.813444728Z,-84,Rssi,vuoy_surroundings,1
,,0,2023-04-29T17:38:55.044078847Z,2023-05-30T04:08:55.044078847Z,2023-05-26T10:28:53.186507218Z,-85,Rssi,vuoy_surroundings,1
,,0,2023-04-29T17:38:55.044078847Z,2023-05-30T04:08:55.044078847Z,2023-05-26T10:28:56.563672442Z,-93,Rssi,vuoy_surroundings,1
,,0,2023-04-29T17:38:55.044078847Z,2023-05-30T04:08:55.044078847Z,2023-05-26T10:28:59.943238414Z,-88,Rssi,vuoy_surroundings,1
,,0,2023-04-29T17:38:55.044078847Z,2023-05-30T04:08:55.044078847Z,2023-05-26T10:29:03.32048876Z,-89,Rssi,vuoy_surroundings,1
,,0,2023-04-29T17:38:55.044078847Z,2023-05-30T04:08:55.044078847Z,2023-05-26T10:29:06.702132675Z,-86,Rssi,vuoy_surroundings,1
,,0,2023-04-29T17:38:55.044078847Z,2023-05-30T04:08:55.044078847Z,2023-05-26T10:29:10.388798332Z,-89,Rssi,vuoy_surroundings,1
,,0,2023-04-29T17:38:55.044078847Z,2023-05-30T04:08:55.044078847Z,2023-05-26T10:29:14.143048606Z,-88,Rssi,vuoy_surroundings,1
,,0,2023-04-29T17:38:55.044078847Z,2023-05-30T04:08:55.044078847Z,2023-05-26T10:29:20.526807609Z,-91,Rssi,vuoy_surroundings,1
,,0,2023-04-29T17:38:55.044078847Z,2023-05-30T04:08:55.044078847Z,2023-05-26T10:29:27.598672941Z,-89,Rssi,vuoy_surroundings,1
,,0,2023-04-29T17:38:55.044078847Z,2023-05-30T04:08:55.044078847Z,2023-05-26T10:29:31.279460693Z,-87,Rssi,vuoy_surroundings,1
,,0,2023-04-29T17:38:55.044078847Z,2023-05-30T04:08:55.044078847Z,2023-05-26T10:29:34.04420477Z,-87,Rssi,vuoy_surroundings,1
,,0,2023-04-29T17:38:55.044078847Z,2023-05-30T04:08:55.044078847Z,2023-05-26T10:29:37.423456793Z,-89,Rssi,vuoy_surroundings,1
,,0,2023-04-29T17:38:55.044078847Z,2023-05-30T04:08:55.044078847Z,2023-05-26T10:29:41.11005681Z,-88,Rssi,vuoy_surroundings,1
,,0,2023-04-29T17:38:55.044078847Z,2023-05-30T04:08:55.044078847Z,2023-05-26T10:29:47.641578132Z,-89,Rssi,vuoy_surroundings,1
,,0,2023-04-29T17:38:55.044078847Z,2023-05-30T04:08:55.044078847Z,2023-05-26T10:29:51.248144485Z,-91,Rssi,vuoy_surroundings,1
,,0,2023-04-29T17:38:55.044078847Z,2023-05-30T04:08:55.044078847Z,2023-05-26T10:29:54.331361113Z,-91,Rssi,vuoy_surroundings,1
,,0,2023-04-29T17:38:55.044078847Z,2023-05-30T04:08:55.044078847Z,2023-05-26T10:29:57.811644055Z,-92,Rssi,vuoy_surroundings,1
,,0,2023-04-29T17:38:55.044078847Z,2023-05-30T04:08:55.044078847Z,2023-05-26T10:30:01.386489472Z,-92,Rssi,vuoy_surroundings,1
,,0,2023-04-29T17:38:55.044078847Z,2023-05-30T04:08:55.044078847Z,2023-05-26T10:30:04.759756951Z,-91,Rssi,vuoy_surroundings,1
,,0,2023-04-29T17:38:55.044078847Z,2023-05-30T04:08:55.044078847Z,2023-05-26T10:30:08.144977419Z,-91,Rssi,vuoy_surroundings,1
,,0,2023-04-29T17:38:55.044078847Z,2023-05-30T04:08:55.044078847Z,2023-05-26T10:30:15.211451147Z,-92,Rssi,vuoy_surroundings,1
,,0,2023-04-29T17:38:55.044078847Z,2023-05-30T04:08:55.044078847Z,2023-05-26T10:30:18.283301417Z,-89,Rssi,vuoy_surroundings,1
,,0,2023-04-29T17:38:55.044078847Z,2023-05-30T04:08:55.044078847Z,2023-05-26T10:30:21.647225114Z,-84,Rssi,vuoy_surroundings,1
,,0,2023-04-29T17:38:55.044078847Z,2023-05-30T04:08:55.044078847Z,2023-05-26T10:30:24.993666192Z,-87,Rssi,vuoy_surroundings,1
,,0,2023-04-29T17:38:55.044078847Z,2023-05-30T04:08:55.044078847Z,2023-05-26T10:30:32.013519124Z,-89,Rssi,vuoy_surroundings,1
,,0,2023-04-29T17:38:55.044078847Z,2023-05-30T04:08:55.044078847Z,2023-05-26T10:30:35.172406335Z,-79,Rssi,vuoy_surroundings,1
,,0,2023-04-29T17:38:55.044078847Z,2023-05-30T04:08:55.044078847Z,2023-05-26T10:30:38.742694844Z,-92,Rssi,vuoy_surroundings,1
,,0,2023-04-29T17:38:55.044078847Z,2023-05-30T04:08:55.044078847Z,2023-05-26T10:30:42.110560398Z,-74,Rssi,vuoy_surroundings,1
,,0,2023-04-29T17:38:55.044078847Z,2023-05-30T04:08:55.044078847Z,2023-05-26T10:30:48.851692066Z,-67,Rssi,vuoy_surroundings,1
,,0,2023-04-29T17:38:55.044078847Z,2023-05-30T04:08:55.044078847Z,2023-05-26T10:30:55.598965751Z,-64,Rssi,vuoy_surroundings,1
,,0,2023-04-29T17:38:55.044078847Z,2023-05-30T04:08:55.044078847Z,2023-05-26T10:30:59.203109835Z,-66,Rssi,vuoy_surroundings,1
,,0,2023-04-29T17:38:55.044078847Z,2023-05-30T04:08:55.044078847Z,2023-05-26T10:31:02.653885258Z,-65,Rssi,vuoy_surroundings,1
,,0,2023-04-29T17:38:55.044078847Z,2023-05-30T04:08:55.044078847Z,2023-05-26T10:31:06.026994421Z,-70,Rssi,vuoy_surroundings,1
,,0,2023-04-29T17:38:55.044078847Z,2023-05-30T04:08:55.044078847Z,2023-05-26T10:31:09.184178193Z,-70,Rssi,vuoy_surroundings,1
,,0,2023-04-29T17:38:55.044078847Z,2023-05-30T04:08:55.044078847Z,2023-05-26T10:31:16.083084566Z,-81,Rssi,vuoy_surroundings,1
,,0,2023-04-29T17:38:55.044078847Z,2023-05-30T04:08:55.044078847Z,2023-05-26T10:31:19.546934378Z,-113,Rssi,vuoy_surroundings,1
,,0,2023-04-29T17:38:55.044078847Z,2023-05-30T04:08:55.044078847Z,2023-05-26T10:31:22.908660483Z,-111,Rssi,vuoy_surroundings,1
,,0,2023-04-29T17:38:55.044078847Z,2023-05-30T04:08:55.044078847Z,2023-05-26T10:31:26.295097913Z,-115,Rssi,vuoy_surroundings,1
,,0,2023-04-29T17:38:55.044078847Z,2023-05-30T04:08:55.044078847Z,2023-05-26T10:31:30.003834393Z,-108,Rssi,vuoy_surroundings,1
,,0,2023-04-29T17:38:55.044078847Z,2023-05-30T04:08:55.044078847Z,2023-05-26T10:31:36.714002995Z,-106,Rssi,vuoy_surroundings,1
,,0,2023-04-29T17:38:55.044078847Z,2023-05-30T04:08:55.044078847Z,2023-05-26T10:31:43.948053118Z,-112,Rssi,vuoy_surroundings,1
,,0,2023-04-29T17:38:55.044078847Z,2023-05-30T04:08:55.044078847Z,2023-05-26T10:31:50.336811968Z,-111,Rssi,vuoy_surroundings,1
,,0,2023-04-29T17:38:55.044078847Z,2023-05-30T04:08:55.044078847Z,2023-05-26T10:31:53.720967105Z,-111,Rssi,vuoy_surroundings,1
,,0,2023-04-29T17:38:55.044078847Z,2023-05-30T04:08:55.044078847Z,2023-05-26T10:31:57.015948848Z,-100,Rssi,vuoy_surroundings,1
,,0,2023-04-29T17:38:55.044078847Z,2023-05-30T04:08:55.044078847Z,2023-05-26T10:32:00.77053062Z,-91,Rssi,vuoy_surroundings,1
,,0,2023-04-29T17:38:55.044078847Z,2023-05-30T04:08:55.044078847Z,2023-05-26T10:32:03.868827092Z,-95,Rssi,vuoy_surroundings,1
,,0,2023-04-29T17:38:55.044078847Z,2023-05-30T04:08:55.044078847Z,2023-05-26T10:32:14.10145645Z,-66,Rssi,vuoy_surroundings,1
,,0,2023-04-29T17:38:55.044078847Z,2023-05-30T04:08:55.044078847Z,2023-05-26T10:32:21.080050108Z,-83,Rssi,vuoy_surroundings,1
,,0,2023-04-29T17:38:55.044078847Z,2023-05-30T04:08:55.044078847Z,2023-05-26T10:32:27.566765819Z,-74,Rssi,vuoy_surroundings,1
,,0,2023-04-29T17:38:55.044078847Z,2023-05-30T04:08:55.044078847Z,2023-05-26T10:32:31.233669429Z,-77,Rssi,vuoy_surroundings,1
,,0,2023-04-29T17:38:55.044078847Z,2023-05-30T04:08:55.044078847Z,2023-05-26T10:32:34.62268054Z,-75,Rssi,vuoy_surroundings,1
,,0,2023-04-29T17:38:55.044078847Z,2023-05-30T04:08:55.044078847Z,2023-05-26T10:32:41.399288791Z,-81,Rssi,vuoy_surroundings,1
,,0,2023-04-29T17:38:55.044078847Z,2023-05-30T04:08:55.044078847Z,2023-05-26T10:32:48.170459554Z,-64,Rssi,vuoy_surroundings,1
,,0,2023-04-29T17:38:55.044078847Z,2023-05-30T04:08:55.044078847Z,2023-05-26T10:32:51.552213114Z,-63,Rssi,vuoy_surroundings,1
,,0,2023-04-29T17:38:55.044078847Z,2023-05-30T04:08:55.044078847Z,2023-05-26T10:32:54.9382471Z,-67,Rssi,vuoy_surroundings,1
,,0,2023-04-29T17:38:55.044078847Z,2023-05-30T04:08:55.044078847Z,2023-05-26T10:33:02.011595823Z,-64,Rssi,vuoy_surroundings,1
,,0,2023-04-29T17:38:55.044078847Z,2023-05-30T04:08:55.044078847Z,2023-05-26T10:33:05.393850556Z,-61,Rssi,vuoy_surroundings,1
,,0,2023-04-29T17:38:55.044078847Z,2023-05-30T04:08:55.044078847Z,2023-05-26T10:33:08.776077244Z,-61,Rssi,vuoy_surroundings,1
,,0,2023-04-29T17:38:55.044078847Z,2023-05-30T04:08:55.044078847Z,2023-05-26T10:33:11.882076564Z,-57,Rssi,vuoy_surroundings,1
,,0,2023-04-29T17:38:55.044078847Z,2023-05-30T04:08:55.044078847Z,2023-05-26T10:33:18.921827975Z,-60,Rssi,vuoy_surroundings,1
,,0,2023-04-29T17:38:55.044078847Z,2023-05-30T04:08:55.044078847Z,2023-05-26T10:33:25.683536289Z,-60,Rssi,vuoy_surroundings,1
,,0,2023-04-29T17:38:55.044078847Z,2023-05-30T04:08:55.044078847Z,2023-05-26T10:33:29.293748198Z,-60,Rssi,vuoy_surroundings,1
,,0,2023-04-29T17:38:55.044078847Z,2023-05-30T04:08:55.044078847Z,2023-05-26T10:33:35.824020899Z,-59,Rssi,vuoy_surroundings,1
,,0,2023-04-29T17:38:55.044078847Z,2023-05-30T04:08:55.044078847Z,2023-05-26T10:33:43.006185235Z,-59,Rssi,vuoy_surroundings,1
,,0,2023-04-29T17:38:55.044078847Z,2023-05-30T04:08:55.044078847Z,2023-05-26T10:33:46.262565264Z,-59,Rssi,vuoy_surroundings,1
,,0,2023-04-29T17:38:55.044078847Z,2023-05-30T04:08:55.044078847Z,2023-05-26T10:33:49.640126075Z,-59,Rssi,vuoy_surroundings,1
,,0,2023-04-29T17:38:55.044078847Z,2023-05-30T04:08:55.044078847Z,2023-05-26T10:33:56.396662836Z,-58,Rssi,vuoy_surroundings,1
,,0,2023-04-29T17:38:55.044078847Z,2023-05-30T04:08:55.044078847Z,2023-05-26T10:34:00.080960784Z,-58,Rssi,vuoy_surroundings,1
,,0,2023-04-29T17:38:55.044078847Z,2023-05-30T04:08:55.044078847Z,2023-05-26T10:34:03.051573093Z,-58,Rssi,vuoy_surroundings,1
,,0,2023-04-29T17:38:55.044078847Z,2023-05-30T04:08:55.044078847Z,2023-05-26T10:34:06.383610425Z,-58,Rssi,vuoy_surroundings,1
,,0,2023-04-29T17:38:55.044078847Z,2023-05-30T04:08:55.044078847Z,2023-05-26T10:34:09.912687824Z,-58,Rssi,vuoy_surroundings,1
,,0,2023-04-29T17:38:55.044078847Z,2023-05-30T04:08:55.044078847Z,2023-05-26T10:34:13.283488105Z,-58,Rssi,vuoy_surroundings,1
,,0,2023-04-29T17:38:55.044078847Z,2023-05-30T04:08:55.044078847Z,2023-05-26T10:34:16.977524741Z,-59,Rssi,vuoy_surroundings,1
,,0,2023-04-29T17:38:55.044078847Z,2023-05-30T04:08:55.044078847Z,2023-05-26T10:34:20.356665417Z,-59,Rssi,vuoy_surroundings,1
,,0,2023-04-29T17:38:55.044078847Z,2023-05-30T04:08:55.044078847Z,2023-05-26T10:34:27.116029502Z,-59,Rssi,vuoy_surroundings,1
,,0,2023-04-29T17:38:55.044078847Z,2023-05-30T04:08:55.044078847Z,2023-05-26T10:34:33.875166277Z,-58,Rssi,vuoy_surroundings,1
,,0,2023-04-29T17:38:55.044078847Z,2023-05-30T04:08:55.044078847Z,2023-05-26T10:34:37.25509441Z,-59,Rssi,vuoy_surroundings,1
,,0,2023-04-29T17:38:55.044078847Z,2023-05-30T04:08:55.044078847Z,2023-05-26T10:34:40.635152318Z,-62,Rssi,vuoy_surroundings,1
,,0,2023-04-29T17:38:55.044078847Z,2023-05-30T04:08:55.044078847Z,2023-05-26T10:34:44.247138254Z,-59,Rssi,vuoy_surroundings,1
,,0,2023-04-29T17:38:55.044078847Z,2023-05-30T04:08:55.044078847Z,2023-05-26T10:34:47.702161403Z,-61,Rssi,vuoy_surroundings,1
,,0,2023-04-29T17:38:55.044078847Z,2023-05-30T04:08:55.044078847Z,2023-05-26T10:34:50.774410197Z,-58,Rssi,vuoy_surroundings,1
,,0,2023-04-29T17:38:55.044078847Z,2023-05-30T04:08:55.044078847Z,2023-05-26T10:34:54.424158755Z,-63,Rssi,vuoy_surroundings,1
,,0,2023-04-29T17:38:55.044078847Z,2023-05-30T04:08:55.044078847Z,2023-05-26T10:34:57.532113324Z,-65,Rssi,vuoy_surroundings,1
,,0,2023-04-29T17:38:55.044078847Z,2023-05-30T04:08:55.044078847Z,2023-05-26T10:35:04.602229206Z,-74,Rssi,vuoy_surroundings,1
,,0,2023-04-29T17:38:55.044078847Z,2023-05-30T04:08:55.044078847Z,2023-05-26T10:35:07.98286071Z,-70,Rssi,vuoy_surroundings,1
,,0,2023-04-29T17:38:55.044078847Z,2023-05-30T04:08:55.044078847Z,2023-05-26T10:35:14.845707343Z,-68,Rssi,vuoy_surroundings,1
,,0,2023-04-29T17:38:55.044078847Z,2023-05-30T04:08:55.044078847Z,2023-05-26T10:35:18.122971827Z,-69,Rssi,vuoy_surroundings,1
,,0,2023-04-29T17:38:55.044078847Z,2023-05-30T04:08:55.044078847Z,2023-05-26T10:35:25.19077255Z,-68,Rssi,vuoy_surroundings,1
,,0,2023-04-29T17:38:55.044078847Z,2023-05-30T04:08:55.044078847Z,2023-05-26T10:35:28.218237005Z,-69,Rssi,vuoy_surroundings,1
,,0,2023-04-29T17:38:55.044078847Z,2023-05-30T04:08:55.044078847Z,2023-05-26T10:35:31.952783483Z,-69,Rssi,vuoy_surroundings,1
,,0,2023-04-29T17:38:55.044078847Z,2023-05-30T04:08:55.044078847Z,2023-05-26T10:35:35.34814637Z,-69,Rssi,vuoy_surroundings,1
,,0,2023-04-29T17:38:55.044078847Z,2023-05-30T04:08:55.044078847Z,2023-05-26T10:35:38.716529224Z,-67,Rssi,vuoy_surroundings,1
,,0,2023-04-29T17:38:55.044078847Z,2023-05-30T04:08:55.044078847Z,2023-05-26T10:35:41.84537604Z,-68,Rssi,vuoy_surroundings,1
,,0,2023-04-29T17:38:55.044078847Z,2023-05-30T04:08:55.044078847Z,2023-05-26T10:35:48.83792222Z,-66,Rssi,vuoy_surroundings,1
,,0,2023-04-29T17:38:55.044078847Z,2023-05-30T04:08:55.044078847Z,2023-05-26T10:35:52.209800114Z,-68,Rssi,vuoy_surroundings,1
,,0,2023-04-29T17:38:55.044078847Z,2023-05-30T04:08:55.044078847Z,2023-05-26T10:35:55.86972564Z,-67,Rssi,vuoy_surroundings,1
,,0,2023-04-29T17:38:55.044078847Z,2023-05-30T04:08:55.044078847Z,2023-05-26T10:35:59.153100963Z,-68,Rssi,vuoy_surroundings,1
,,0,2023-04-29T17:38:55.044078847Z,2023-05-30T04:08:55.044078847Z,2023-05-26T10:36:05.648741754Z,-68,Rssi,vuoy_surroundings,1
,,0,2023-04-29T17:38:55.044078847Z,2023-05-30T04:08:55.044078847Z,2023-05-26T10:36:09.393165635Z,-69,Rssi,vuoy_surroundings,1
,,0,2023-04-29T17:38:55.044078847Z,2023-05-30T04:08:55.044078847Z,2023-05-26T10:36:12.768618944Z,-69,Rssi,vuoy_surroundings,1
,,0,2023-04-29T17:38:55.044078847Z,2023-05-30T04:08:55.044078847Z,2023-05-26T10:36:16.147146013Z,-67,Rssi,vuoy_surroundings,1
,,0,2023-04-29T17:38:55.044078847Z,2023-05-30T04:08:55.044078847Z,2023-05-26T10:36:19.5223123Z,-68,Rssi,vuoy_surroundings,1
,,0,2023-04-29T17:38:55.044078847Z,2023-05-30T04:08:55.044078847Z,2023-05-26T10:36:22.899086473Z,-67,Rssi,vuoy_surroundings,1
,,0,2023-04-29T17:38:55.044078847Z,2023-05-30T04:08:55.044078847Z,2023-05-26T10:36:26.152870562Z,-67,Rssi,vuoy_surroundings,1
,,0,2023-04-29T17:38:55.044078847Z,2023-05-30T04:08:55.044078847Z,2023-05-26T10:36:29.960629829Z,-68,Rssi,vuoy_surroundings,1
,,0,2023-04-29T17:38:55.044078847Z,2023-05-30T04:08:55.044078847Z,2023-05-26T10:36:33.341515236Z,-68,Rssi,vuoy_surroundings,1
,,0,2023-04-29T17:38:55.044078847Z,2023-05-30T04:08:55.044078847Z,2023-05-26T10:36:36.40984298Z,-66,Rssi,vuoy_surroundings,1
,,0,2023-04-29T17:38:55.044078847Z,2023-05-30T04:08:55.044078847Z,2023-05-26T10:36:39.787919546Z,-67,Rssi,vuoy_surroundings,1
,,0,2023-04-29T17:38:55.044078847Z,2023-05-30T04:08:55.044078847Z,2023-05-26T10:36:43.886548536Z,-68,Rssi,vuoy_surroundings,1
,,0,2023-04-29T17:38:55.044078847Z,2023-05-30T04:08:55.044078847Z,2023-05-26T10:36:50.230784017Z,-68,Rssi,vuoy_surroundings,1
,,0,2023-04-29T17:38:55.044078847Z,2023-05-30T04:08:55.044078847Z,2023-05-26T10:36:56.987889723Z,-65,Rssi,vuoy_surroundings,1
,,0,2023-04-29T17:38:55.044078847Z,2023-05-30T04:08:55.044078847Z,2023-05-26T10:37:00.339186609Z,-74,Rssi,vuoy_surroundings,1
,,0,2023-04-29T17:38:55.044078847Z,2023-05-30T04:08:55.044078847Z,2023-05-26T10:37:10.503245533Z,-80,Rssi,vuoy_surroundings,1
,,0,2023-04-29T17:38:55.044078847Z,2023-05-30T04:08:55.044078847Z,2023-05-26T10:37:17.568359716Z,-82,Rssi,vuoy_surroundings,1
,,0,2023-04-29T17:38:55.044078847Z,2023-05-30T04:08:55.044078847Z,2023-05-26T10:37:24.327220317Z,-83,Rssi,vuoy_surroundings,1
,,0,2023-04-29T17:38:55.044078847Z,2023-05-30T04:08:55.044078847Z,2023-05-26T10:37:27.395231936Z,-80,Rssi,vuoy_surroundings,1
,,0,2023-04-29T17:38:55.044078847Z,2023-05-30T04:08:55.044078847Z,2023-05-26T10:37:34.465927886Z,-80,Rssi,vuoy_surroundings,1
,,0,2023-04-29T17:38:55.044078847Z,2023-05-30T04:08:55.044078847Z,2023-05-26T10:37:37.5802647Z,-82,Rssi,vuoy_surroundings,1
,,0,2023-04-29T17:38:55.044078847Z,2023-05-30T04:08:55.044078847Z,2023-05-26T10:37:41.233287605Z,-80,Rssi,vuoy_surroundings,1
,,0,2023-04-29T17:38:55.044078847Z,2023-05-30T04:08:55.044078847Z,2023-05-26T10:37:47.980394461Z,-79,Rssi,vuoy_surroundings,1
,,0,2023-04-29T17:38:55.044078847Z,2023-05-30T04:08:55.044078847Z,2023-05-26T10:37:51.360675716Z,-77,Rssi,vuoy_surroundings,1
,,0,2023-04-29T17:38:55.044078847Z,2023-05-30T04:08:55.044078847Z,2023-05-26T10:37:58.233973499Z,-79,Rssi,vuoy_surroundings,1
,,0,2023-04-29T17:38:55.044078847Z,2023-05-30T04:08:55.044078847Z,2023-05-26T10:38:01.5024089Z,-81,Rssi,vuoy_surroundings,1
,,0,2023-04-29T17:38:55.044078847Z,2023-05-30T04:08:55.044078847Z,2023-05-26T10:38:05.192576594Z,-78,Rssi,vuoy_surroundings,1
,,0,2023-04-29T17:38:55.044078847Z,2023-05-30T04:08:55.044078847Z,2023-05-26T10:38:08.371872006Z,-78,Rssi,vuoy_surroundings,1
,,0,2023-04-29T17:38:55.044078847Z,2023-05-30T04:08:55.044078847Z,2023-05-26T10:38:11.950803035Z,-80,Rssi,vuoy_surroundings,1
,,0,2023-04-29T17:38:55.044078847Z,2023-05-30T04:08:55.044078847Z,2023-05-26T10:38:15.606352774Z,-78,Rssi,vuoy_surroundings,1
,,0,2023-04-29T17:38:55.044078847Z,2023-05-30T04:08:55.044078847Z,2023-05-26T10:38:18.711029948Z,-79,Rssi,vuoy_surroundings,1
,,0,2023-04-29T17:38:55.044078847Z,2023-05-30T04:08:55.044078847Z,2023-05-26T10:38:22.090372242Z,-81,Rssi,vuoy_surroundings,1
,,0,2023-04-29T17:38:55.044078847Z,2023-05-30T04:08:55.044078847Z,2023-05-26T10:38:25.77743922Z,-79,Rssi,vuoy_surroundings,1
,,0,2023-04-29T17:38:55.044078847Z,2023-05-30T04:08:55.044078847Z,2023-05-26T10:38:28.97267306Z,-81,Rssi,vuoy_surroundings,1
,,0,2023-04-29T17:38:55.044078847Z,2023-05-30T04:08:55.044078847Z,2023-05-26T10:38:32.230120381Z,-81,Rssi,vuoy_surroundings,1
,,0,2023-04-29T17:38:55.044078847Z,2023-05-30T04:08:55.044078847Z,2023-05-26T10:38:35.917640515Z,-81,Rssi,vuoy_surroundings,1
,,0,2023-04-29T17:38:55.044078847Z,2023-05-30T04:08:55.044078847Z,2023-05-26T10:38:38.987582532Z,-82,Rssi,vuoy_surroundings,1
,,0,2023-04-29T17:38:55.044078847Z,2023-05-30T04:08:55.044078847Z,2023-05-26T10:38:46.058646863Z,-79,Rssi,vuoy_surroundings,1
,,0,2023-04-29T17:38:55.044078847Z,2023-05-30T04:08:55.044078847Z,2023-05-26T10:38:52.817158513Z,-79,Rssi,vuoy_surroundings,1
,,0,2023-04-29T17:38:55.044078847Z,2023-05-30T04:08:55.044078847Z,2023-05-26T10:38:56.196893016Z,-80,Rssi,vuoy_surroundings,1
,,0,2023-04-29T17:38:55.044078847Z,2023-05-30T04:08:55.044078847Z,2023-05-26T10:38:59.884323771Z,-80,Rssi,vuoy_surroundings,1
,,0,2023-04-29T17:38:55.044078847Z,2023-05-30T04:08:55.044078847Z,2023-05-26T10:39:06.336990487Z,-86,Rssi,vuoy_surroundings,1
,,0,2023-04-29T17:38:55.044078847Z,2023-05-30T04:08:55.044078847Z,2023-05-26T10:39:09.717267441Z,-69,Rssi,vuoy_surroundings,1
,,0,2023-04-29T17:38:55.044078847Z,2023-05-30T04:08:55.044078847Z,2023-05-26T10:39:13.098466845Z,-70,Rssi,vuoy_surroundings,1
,,0,2023-04-29T17:38:55.044078847Z,2023-05-30T04:08:55.044078847Z,2023-05-26T10:39:16.78228107Z,-76,Rssi,vuoy_surroundings,1
,,0,2023-04-29T17:38:55.044078847Z,2023-05-30T04:08:55.044078847Z,2023-05-26T10:39:23.341012121Z,-85,Rssi,vuoy_surroundings,1
,,0,2023-04-29T17:38:55.044078847Z,2023-05-30T04:08:55.044078847Z,2023-05-26T10:39:26.923848102Z,-82,Rssi,vuoy_surroundings,1
,,0,2023-04-29T17:38:55.044078847Z,2023-05-30T04:08:55.044078847Z,2023-05-26T10:39:30.879172625Z,-81,Rssi,vuoy_surroundings,1
,,0,2023-04-29T17:38:55.044078847Z,2023-05-30T04:08:55.044078847Z,2023-05-26T10:39:33.682054476Z,-84,Rssi,vuoy_surroundings,1
,,0,2023-04-29T17:38:55.044078847Z,2023-05-30T04:08:55.044078847Z,2023-05-26T10:39:40.293925962Z,-83,Rssi,vuoy_surroundings,1
,,0,2023-04-29T17:38:55.044078847Z,2023-05-30T04:08:55.044078847Z,2023-05-26T10:39:43.942944274Z,-82,Rssi,vuoy_surroundings,1
,,0,2023-04-29T17:38:55.044078847Z,2023-05-30T04:08:55.044078847Z,2023-05-26T10:39:50.578728113Z,-80,Rssi,vuoy_surroundings,1
,,0,2023-04-29T17:38:55.044078847Z,2023-05-30T04:08:55.044078847Z,2023-05-26T10:39:57.291485012Z,-80,Rssi,vuoy_surroundings,1
,,0,2023-04-29T17:38:55.044078847Z,2023-05-30T04:08:55.044078847Z,2023-05-26T10:40:00.726322823Z,-80,Rssi,vuoy_surroundings,1
,,0,2023-04-29T17:38:55.044078847Z,2023-05-30T04:08:55.044078847Z,2023-05-26T10:40:04.199865586Z,-81,Rssi,vuoy_surroundings,1
,,0,2023-04-29T17:38:55.044078847Z,2023-05-30T04:08:55.044078847Z,2023-05-26T10:40:11.167058222Z,-83,Rssi,vuoy_surroundings,1
,,0,2023-04-29T17:38:55.044078847Z,2023-05-30T04:08:55.044078847Z,2023-05-26T10:40:14.675041286Z,-83,Rssi,vuoy_surroundings,1
,,0,2023-04-29T17:38:55.044078847Z,2023-05-30T04:08:55.044078847Z,2023-05-26T10:40:17.927435785Z,-82,Rssi,vuoy_surroundings,1
,,0,2023-04-29T17:38:55.044078847Z,2023-05-30T04:08:55.044078847Z,2023-05-26T10:40:24.696424928Z,-80,Rssi,vuoy_surroundings,1
,,0,2023-04-29T17:38:55.044078847Z,2023-05-30T04:08:55.044078847Z,2023-05-26T10:40:28.181543299Z,-81,Rssi,vuoy_surroundings,1
,,0,2023-04-29T17:38:55.044078847Z,2023-05-30T04:08:55.044078847Z,2023-05-26T10:40:31.443220641Z,-81,Rssi,vuoy_surroundings,1
,,0,2023-04-29T17:38:55.044078847Z,2023-05-30T04:08:55.044078847Z,2023-05-26T10:40:35.130941682Z,-82,Rssi,vuoy_surroundings,1
,,0,2023-04-29T17:38:55.044078847Z,2023-05-30T04:08:55.044078847Z,2023-05-26T10:40:38.512051884Z,-81,Rssi,vuoy_surroundings,1
,,0,2023-04-29T17:38:55.044078847Z,2023-05-30T04:08:55.044078847Z,2023-05-26T10:40:41.8919867Z,-81,Rssi,vuoy_surroundings,1
,,0,2023-04-29T17:38:55.044078847Z,2023-05-30T04:08:55.044078847Z,2023-05-26T10:40:45.188182126Z,-83,Rssi,vuoy_surroundings,1
,,0,2023-04-29T17:38:55.044078847Z,2023-05-30T04:08:55.044078847Z,2023-05-26T10:40:52.032870692Z,-82,Rssi,vuoy_surroundings,1
,,0,2023-04-29T17:38:55.044078847Z,2023-05-30T04:08:55.044078847Z,2023-05-26T10:40:55.408102568Z,-81,Rssi,vuoy_surroundings,1
,,0,2023-04-29T17:38:55.044078847Z,2023-05-30T04:08:55.044078847Z,2023-05-26T10:40:58.906813141Z,-81,Rssi,vuoy_surroundings,1
,,0,2023-04-29T17:38:55.044078847Z,2023-05-30T04:08:55.044078847Z,2023-05-26T10:41:02.176228279Z,-79,Rssi,vuoy_surroundings,1
,,0,2023-04-29T17:38:55.044078847Z,2023-05-30T04:08:55.044078847Z,2023-05-26T10:41:05.54757306Z,-80,Rssi,vuoy_surroundings,1
,,0,2023-04-29T17:38:55.044078847Z,2023-05-30T04:08:55.044078847Z,2023-05-26T10:41:08.926211571Z,-84,Rssi,vuoy_surroundings,1
,,0,2023-04-29T17:38:55.044078847Z,2023-05-30T04:08:55.044078847Z,2023-05-26T10:41:12.306540318Z,-75,Rssi,vuoy_surroundings,1
,,0,2023-04-29T17:38:55.044078847Z,2023-05-30T04:08:55.044078847Z,2023-05-26T10:41:15.993202649Z,-77,Rssi,vuoy_surroundings,1
,,0,2023-04-29T17:38:55.044078847Z,2023-05-30T04:08:55.044078847Z,2023-05-26T10:41:19.376210466Z,-80,Rssi,vuoy_surroundings,1
,,0,2023-04-29T17:38:55.044078847Z,2023-05-30T04:08:55.044078847Z,2023-05-26T10:41:26.131634271Z,-94,Rssi,vuoy_surroundings,1
,,0,2023-04-29T17:38:55.044078847Z,2023-05-30T04:08:55.044078847Z,2023-05-26T10:41:32.891089653Z,-88,Rssi,vuoy_surroundings,1
,,0,2023-04-29T17:38:55.044078847Z,2023-05-30T04:08:55.044078847Z,2023-05-26T10:41:43.289933481Z,-81,Rssi,vuoy_surroundings,1
,,0,2023-04-29T17:38:55.044078847Z,2023-05-30T04:08:55.044078847Z,2023-05-26T10:41:46.42401354Z,-84,Rssi,vuoy_surroundings,1
,,0,2023-04-29T17:38:55.044078847Z,2023-05-30T04:08:55.044078847Z,2023-05-26T10:41:50.09423857Z,-83,Rssi,vuoy_surroundings,1
,,0,2023-04-29T17:38:55.044078847Z,2023-05-30T04:08:55.044078847Z,2023-05-26T10:41:53.475477756Z,-82,Rssi,vuoy_surroundings,1
,,0,2023-04-29T17:38:55.044078847Z,2023-05-30T04:08:55.044078847Z,2023-05-26T10:41:56.855611433Z,-83,Rssi,vuoy_surroundings,1
,,0,2023-04-29T17:38:55.044078847Z,2023-05-30T04:08:55.044078847Z,2023-05-26T10:42:03.615414934Z,-84,Rssi,vuoy_surroundings,1
,,0,2023-04-29T17:38:55.044078847Z,2023-05-30T04:08:55.044078847Z,2023-05-26T10:42:10.365810909Z,-84,Rssi,vuoy_surroundings,1
,,0,2023-04-29T17:38:55.044078847Z,2023-05-30T04:08:55.044078847Z,2023-05-26T10:42:14.010830703Z,-85,Rssi,vuoy_surroundings,1
,,0,2023-04-29T17:38:55.044078847Z,2023-05-30T04:08:55.044078847Z,2023-05-26T10:42:17.127847089Z,-82,Rssi,vuoy_surroundings,1
,,0,2023-04-29T17:38:55.044078847Z,2023-05-30T04:08:55.044078847Z,2023-05-26T10:42:20.792107388Z,-83,Rssi,vuoy_surroundings,1
,,0,2023-04-29T17:38:55.044078847Z,2023-05-30T04:08:55.044078847Z,2023-05-26T10:42:23.859262547Z,-82,Rssi,vuoy_surroundings,1
,,0,2023-04-29T17:38:55.044078847Z,2023-05-30T04:08:55.044078847Z,2023-05-26T10:42:27.234498871Z,-82,Rssi,vuoy_surroundings,1
,,0,2023-04-29T17:38:55.044078847Z,2023-05-30T04:08:55.044078847Z,2023-05-26T10:42:30.913230919Z,-84,Rssi,vuoy_surroundings,1
,,0,2023-04-29T17:38:55.044078847Z,2023-05-30T04:08:55.044078847Z,2023-05-26T10:42:34.287507982Z,-83,Rssi,vuoy_surroundings,1
,,0,2023-04-29T17:38:55.044078847Z,2023-05-30T04:08:55.044078847Z,2023-05-26T10:42:37.661784376Z,-82,Rssi,vuoy_surroundings,1
,,0,2023-04-29T17:38:55.044078847Z,2023-05-30T04:08:55.044078847Z,2023-05-26T10:42:47.568267549Z,-84,Rssi,vuoy_surroundings,1
,,0,2023-04-29T17:38:55.044078847Z,2023-05-30T04:08:55.044078847Z,2023-05-26T10:42:54.843087831Z,-82,Rssi,vuoy_surroundings,1
,,0,2023-04-29T17:38:55.044078847Z,2023-05-30T04:08:55.044078847Z,2023-05-26T10:43:01.596247521Z,-85,Rssi,vuoy_surroundings,1
,,0,2023-04-29T17:38:55.044078847Z,2023-05-30T04:08:55.044078847Z,2023-05-26T10:43:08.346348018Z,-85,Rssi,vuoy_surroundings,1
,,0,2023-04-29T17:38:55.044078847Z,2023-05-30T04:08:55.044078847Z,2023-05-26T10:43:11.727748979Z,-85,Rssi,vuoy_surroundings,1
,,0,2023-04-29T17:38:55.044078847Z,2023-05-30T04:08:55.044078847Z,2023-05-26T10:43:18.482010726Z,-85,Rssi,vuoy_surroundings,1
,,0,2023-04-29T17:38:55.044078847Z,2023-05-30T04:08:55.044078847Z,2023-05-26T10:43:21.853758447Z,-83,Rssi,vuoy_surroundings,1
,,0,2023-04-29T17:38:55.044078847Z,2023-05-30T04:08:55.044078847Z,2023-05-26T10:43:25.228237047Z,-87,Rssi,vuoy_surroundings,1
,,0,2023-04-29T17:38:55.044078847Z,2023-05-30T04:08:55.044078847Z,2023-05-26T10:43:28.826449182Z,-82,Rssi,vuoy_surroundings,1
,,0,2023-04-29T17:38:55.044078847Z,2023-05-30T04:08:55.044078847Z,2023-05-26T10:43:35.666685345Z,-85,Rssi,vuoy_surroundings,1
,,0,2023-04-29T17:38:55.044078847Z,2023-05-30T04:08:55.044078847Z,2023-05-26T10:43:38.733598435Z,-85,Rssi,vuoy_surroundings,1
,,0,2023-04-29T17:38:55.044078847Z,2023-05-30T04:08:55.044078847Z,2023-05-26T10:43:42.113663988Z,-87,Rssi,vuoy_surroundings,1
,,0,2023-04-29T17:38:55.044078847Z,2023-05-30T04:08:55.044078847Z,2023-05-26T10:43:45.592460896Z,-86,Rssi,vuoy_surroundings,1
,,0,2023-04-29T17:38:55.044078847Z,2023-05-30T04:08:55.044078847Z,2023-05-26T10:43:52.347831138Z,-84,Rssi,vuoy_surroundings,1
,,0,2023-04-29T17:38:55.044078847Z,2023-05-30T04:08:55.044078847Z,2023-05-26T10:43:55.92969566Z,-85,Rssi,vuoy_surroundings,1
,,0,2023-04-29T17:38:55.044078847Z,2023-05-30T04:08:55.044078847Z,2023-05-26T10:43:59.19714589Z,-85,Rssi,vuoy_surroundings,1
,,0,2023-04-29T17:38:55.044078847Z,2023-05-30T04:08:55.044078847Z,2023-05-26T10:44:02.685198804Z,-87,Rssi,vuoy_surroundings,1
,,0,2023-04-29T17:38:55.044078847Z,2023-05-30T04:08:55.044078847Z,2023-05-26T10:44:06.063323144Z,-86,Rssi,vuoy_surroundings,1
,,0,2023-04-29T17:38:55.044078847Z,2023-05-30T04:08:55.044078847Z,2023-05-26T10:44:12.818454437Z,-87,Rssi,vuoy_surroundings,1
,,0,2023-04-29T17:38:55.044078847Z,2023-05-30T04:08:55.044078847Z,2023-05-26T10:44:16.503252333Z,-83,Rssi,vuoy_surroundings,1
,,0,2023-04-29T17:38:55.044078847Z,2023-05-30T04:08:55.044078847Z,2023-05-26T10:44:19.880936225Z,-86,Rssi,vuoy_surroundings,1
,,0,2023-04-29T17:38:55.044078847Z,2023-05-30T04:08:55.044078847Z,2023-05-26T10:44:26.634048629Z,-85,Rssi,vuoy_surroundings,1
,,0,2023-04-29T17:38:55.044078847Z,2023-05-30T04:08:55.044078847Z,2023-05-26T10:44:30.140864003Z,-83,Rssi,vuoy_surroundings,1
,,0,2023-04-29T17:38:55.044078847Z,2023-05-30T04:08:55.044078847Z,2023-05-26T10:44:33.171147312Z,-83,Rssi,vuoy_surroundings,1
,,0,2023-04-29T17:38:55.044078847Z,2023-05-30T04:08:55.044078847Z,2023-05-26T10:44:36.769035304Z,-85,Rssi,vuoy_surroundings,1
,,0,2023-04-29T17:38:55.044078847Z,2023-05-30T04:08:55.044078847Z,2023-05-26T10:44:43.941609988Z,-82,Rssi,vuoy_surroundings,1
,,0,2023-04-29T17:38:55.044078847Z,2023-05-30T04:08:55.044078847Z,2023-05-26T10:44:47.211298065Z,-88,Rssi,vuoy_surroundings,1
,,0,2023-04-29T17:38:55.044078847Z,2023-05-30T04:08:55.044078847Z,2023-05-26T10:44:50.283336275Z,-87,Rssi,vuoy_surroundings,1
,,0,2023-04-29T17:38:55.044078847Z,2023-05-30T04:08:55.044078847Z,2023-05-26T10:44:57.34679173Z,-84,Rssi,vuoy_surroundings,1
,,0,2023-04-29T17:38:55.044078847Z,2023-05-30T04:08:55.044078847Z,2023-05-26T10:45:04.103558841Z,-86,Rssi,vuoy_surroundings,1
,,0,2023-04-29T17:38:55.044078847Z,2023-05-30T04:08:55.044078847Z,2023-05-26T10:45:07.48190421Z,-101,Rssi,vuoy_surroundings,1
,,0,2023-04-29T17:38:55.044078847Z,2023-05-30T04:08:55.044078847Z,2023-05-26T10:45:10.859556658Z,-89,Rssi,vuoy_surroundings,1
,,0,2023-04-29T17:38:55.044078847Z,2023-05-30T04:08:55.044078847Z,2023-05-26T10:45:14.558912348Z,-92,Rssi,vuoy_surroundings,1
,,0,2023-04-29T17:38:55.044078847Z,2023-05-30T04:08:55.044078847Z,2023-05-26T10:45:17.616610743Z,-96,Rssi,vuoy_surroundings,1
,,0,2023-04-29T17:38:55.044078847Z,2023-05-30T04:08:55.044078847Z,2023-05-26T10:45:24.375855565Z,-94,Rssi,vuoy_surroundings,1
,,0,2023-04-29T17:38:55.044078847Z,2023-05-30T04:08:55.044078847Z,2023-05-26T10:45:27.754476519Z,-95,Rssi,vuoy_surroundings,1
,,0,2023-04-29T17:38:55.044078847Z,2023-05-30T04:08:55.044078847Z,2023-05-26T10:45:31.132119637Z,-91,Rssi,vuoy_surroundings,1
,,0,2023-04-29T17:38:55.044078847Z,2023-05-30T04:08:55.044078847Z,2023-05-26T10:45:34.820214645Z,-94,Rssi,vuoy_surroundings,1
,,0,2023-04-29T17:38:55.044078847Z,2023-05-30T04:08:55.044078847Z,2023-05-26T10:45:38.195052189Z,-92,Rssi,vuoy_surroundings,1
,,0,2023-04-29T17:38:55.044078847Z,2023-05-30T04:08:55.044078847Z,2023-05-26T10:45:41.469073318Z,-92,Rssi,vuoy_surroundings,1
,,0,2023-04-29T17:38:55.044078847Z,2023-05-30T04:08:55.044078847Z,2023-05-26T10:45:48.329824878Z,-93,Rssi,vuoy_surroundings,1
,,0,2023-04-29T17:38:55.044078847Z,2023-05-30T04:08:55.044078847Z,2023-05-26T10:45:51.709456726Z,-89,Rssi,vuoy_surroundings,1
,,0,2023-04-29T17:38:55.044078847Z,2023-05-30T04:08:55.044078847Z,2023-05-26T10:45:55.393823311Z,-89,Rssi,vuoy_surroundings,1
,,0,2023-04-29T17:38:55.044078847Z,2023-05-30T04:08:55.044078847Z,2023-05-26T10:45:58.394614114Z,-91,Rssi,vuoy_surroundings,1
,,0,2023-04-29T17:38:55.044078847Z,2023-05-30T04:08:55.044078847Z,2023-05-26T10:46:05.529361832Z,-95,Rssi,vuoy_surroundings,1
,,0,2023-04-29T17:38:55.044078847Z,2023-05-30T04:08:55.044078847Z,2023-05-26T10:46:12.286486162Z,-97,Rssi,vuoy_surroundings,1
,,0,2023-04-29T17:38:55.044078847Z,2023-05-30T04:08:55.044078847Z,2023-05-26T10:46:15.357979119Z,-93,Rssi,vuoy_surroundings,1
,,0,2023-04-29T17:38:55.044078847Z,2023-05-30T04:08:55.044078847Z,2023-05-26T10:46:19.043947934Z,-99,Rssi,vuoy_surroundings,1
,,0,2023-04-29T17:38:55.044078847Z,2023-05-30T04:08:55.044078847Z,2023-05-26T10:46:25.805538725Z,-109,Rssi,vuoy_surroundings,1
,,0,2023-04-29T17:38:55.044078847Z,2023-05-30T04:08:55.044078847Z,2023-05-26T10:46:29.499267299Z,-89,Rssi,vuoy_surroundings,1
,,0,2023-04-29T17:38:55.044078847Z,2023-05-30T04:08:55.044078847Z,2023-05-26T10:46:35.966296734Z,-97,Rssi,vuoy_surroundings,1
,,0,2023-04-29T17:38:55.044078847Z,2023-05-30T04:08:55.044078847Z,2023-05-26T10:46:39.351964869Z,-94,Rssi,vuoy_surroundings,1
,,0,2023-04-29T17:38:55.044078847Z,2023-05-30T04:08:55.044078847Z,2023-05-26T10:46:42.73773264Z,-93,Rssi,vuoy_surroundings,1
,,0,2023-04-29T17:38:55.044078847Z,2023-05-30T04:08:55.044078847Z,2023-05-26T10:46:46.428690006Z,-101,Rssi,vuoy_surroundings,1
,,0,2023-04-29T17:38:55.044078847Z,2023-05-30T04:08:55.044078847Z,2023-05-26T10:46:49.81578545Z,-92,Rssi,vuoy_surroundings,1
,,0,2023-04-29T17:38:55.044078847Z,2023-05-30T04:08:55.044078847Z,2023-05-26T10:46:53.200608135Z,-92,Rssi,vuoy_surroundings,1
,,0,2023-04-29T17:38:55.044078847Z,2023-05-30T04:08:55.044078847Z,2023-05-26T10:46:56.595692116Z,-96,Rssi,vuoy_surroundings,1
,,0,2023-04-29T17:38:55.044078847Z,2023-05-30T04:08:55.044078847Z,2023-05-26T10:47:03.354297365Z,-93,Rssi,vuoy_surroundings,1
,,0,2023-04-29T17:38:55.044078847Z,2023-05-30T04:08:55.044078847Z,2023-05-26T10:47:06.73720312Z,-97,Rssi,vuoy_surroundings,1
,,0,2023-04-29T17:38:55.044078847Z,2023-05-30T04:08:55.044078847Z,2023-05-26T10:47:10.121148013Z,-97,Rssi,vuoy_surroundings,1
,,0,2023-04-29T17:38:55.044078847Z,2023-05-30T04:08:55.044078847Z,2023-05-26T10:47:17.194838798Z,-92,Rssi,vuoy_surroundings,1
,,0,2023-04-29T17:38:55.044078847Z,2023-05-30T04:08:55.044078847Z,2023-05-26T10:47:23.960340883Z,-95,Rssi,vuoy_surroundings,1
,,0,2023-04-29T17:38:55.044078847Z,2023-05-30T04:08:55.044078847Z,2023-05-26T10:47:27.344074475Z,-95,Rssi,vuoy_surroundings,1
,,0,2023-04-29T17:38:55.044078847Z,2023-05-30T04:08:55.044078847Z,2023-05-26T10:47:34.108484635Z,-94,Rssi,vuoy_surroundings,1
,,0,2023-04-29T17:38:55.044078847Z,2023-05-30T04:08:55.044078847Z,2023-05-26T10:47:37.488183694Z,-82,Rssi,vuoy_surroundings,1
,,0,2023-04-29T17:38:55.044078847Z,2023-05-30T04:08:55.044078847Z,2023-05-26T10:47:40.874009917Z,-76,Rssi,vuoy_surroundings,1
,,0,2023-04-29T17:38:55.044078847Z,2023-05-30T04:08:55.044078847Z,2023-05-26T10:47:47.636686814Z,-72,Rssi,vuoy_surroundings,1
,,0,2023-04-29T17:38:55.044078847Z,2023-05-30T04:08:55.044078847Z,2023-05-26T10:47:54.707479191Z,-76,Rssi,vuoy_surroundings,1
,,0,2023-04-29T17:38:55.044078847Z,2023-05-30T04:08:55.044078847Z,2023-05-26T10:48:01.033930181Z,-70,Rssi,vuoy_surroundings,1
,,0,2023-04-29T17:38:55.044078847Z,2023-05-30T04:08:55.044078847Z,2023-05-26T10:48:08.234416872Z,-72,Rssi,vuoy_surroundings,1
,,0,2023-04-29T17:38:55.044078847Z,2023-05-30T04:08:55.044078847Z,2023-05-26T10:48:11.303912483Z,-70,Rssi,vuoy_surroundings,1
,,0,2023-04-29T17:38:55.044078847Z,2023-05-30T04:08:55.044078847Z,2023-05-26T10:48:18.683760017Z,-66,Rssi,vuoy_surroundings,1
,,0,2023-04-29T17:38:55.044078847Z,2023-05-30T04:08:55.044078847Z,2023-05-26T10:48:21.720416798Z,-63,Rssi,vuoy_surroundings,1
,,0,2023-04-29T17:38:55.044078847Z,2023-05-30T04:08:55.044078847Z,2023-05-26T10:48:28.932558449Z,-65,Rssi,vuoy_surroundings,1
,,0,2023-04-29T17:38:55.044078847Z,2023-05-30T04:08:55.044078847Z,2023-05-26T10:48:31.897269388Z,-76,Rssi,vuoy_surroundings,1
,,0,2023-04-29T17:38:55.044078847Z,2023-05-30T04:08:55.044078847Z,2023-05-26T10:48:42.145276087Z,-77,Rssi,vuoy_surroundings,1
,,0,2023-04-29T17:38:55.044078847Z,2023-05-30T04:08:55.044078847Z,2023-05-26T10:48:45.729084123Z,-80,Rssi,vuoy_surroundings,1
,,0,2023-04-29T17:38:55.044078847Z,2023-05-30T04:08:55.044078847Z,2023-05-26T10:48:49.109477733Z,-91,Rssi,vuoy_surroundings,1
,,0,2023-04-29T17:38:55.044078847Z,2023-05-30T04:08:55.044078847Z,2023-05-26T10:52:01.648640477Z,-74,Rssi,vuoy_surroundings,1
,,0,2023-04-29T17:38:55.044078847Z,2023-05-30T04:08:55.044078847Z,2023-05-26T10:52:24.981374989Z,-101,Rssi,vuoy_surroundings,1
,,0,2023-04-29T17:38:55.044078847Z,2023-05-30T04:08:55.044078847Z,2023-05-26T10:52:31.612903079Z,-117,Rssi,vuoy_surroundings,1
,,0,2023-04-29T17:38:55.044078847Z,2023-05-30T04:08:55.044078847Z,2023-05-26T10:52:35.113323391Z,-133,Rssi,vuoy_surroundings,1
,,0,2023-04-29T17:38:55.044078847Z,2023-05-30T04:08:55.044078847Z,2023-05-26T10:52:38.491538033Z,-117,Rssi,vuoy_surroundings,1
,,0,2023-04-29T17:38:55.044078847Z,2023-05-30T04:08:55.044078847Z,2023-05-26T10:52:41.868344197Z,-71,Rssi,vuoy_surroundings,1
,,0,2023-04-29T17:38:55.044078847Z,2023-05-30T04:08:55.044078847Z,2023-05-26T10:52:51.388212529Z,-72,Rssi,vuoy_surroundings,1
,,0,2023-04-29T17:38:55.044078847Z,2023-05-30T04:08:55.044078847Z,2023-05-26T10:52:54.765786663Z,-79,Rssi,vuoy_surroundings,1
,,0,2023-04-29T17:38:55.044078847Z,2023-05-30T04:08:55.044078847Z,2023-05-26T10:52:58.11150287Z,-70,Rssi,vuoy_surroundings,1
,,0,2023-04-29T17:38:55.044078847Z,2023-05-30T04:08:55.044078847Z,2023-05-26T10:53:01.829677637Z,-75,Rssi,vuoy_surroundings,1
,,0,2023-04-29T17:38:55.044078847Z,2023-05-30T04:08:55.044078847Z,2023-05-26T10:53:05.208773003Z,-70,Rssi,vuoy_surroundings,1
,,0,2023-04-29T17:38:55.044078847Z,2023-05-30T04:08:55.044078847Z,2023-05-26T10:53:08.585841846Z,-74,Rssi,vuoy_surroundings,1
,,0,2023-04-29T17:38:55.044078847Z,2023-05-30T04:08:55.044078847Z,2023-05-26T10:53:11.963028321Z,-70,Rssi,vuoy_surroundings,1
,,0,2023-04-29T17:38:55.044078847Z,2023-05-30T04:08:55.044078847Z,2023-05-26T10:53:18.720378509Z,-72,Rssi,vuoy_surroundings,1
,,0,2023-04-29T17:38:55.044078847Z,2023-05-30T04:08:55.044078847Z,2023-05-26T10:53:22.406056232Z,-75,Rssi,vuoy_surroundings,1
,,0,2023-04-29T17:38:55.044078847Z,2023-05-30T04:08:55.044078847Z,2023-05-26T10:53:29.127164225Z,-70,Rssi,vuoy_surroundings,1
,,0,2023-04-29T17:38:55.044078847Z,2023-05-30T04:08:55.044078847Z,2023-05-26T10:53:32.436948416Z,-64,Rssi,vuoy_surroundings,1
,,0,2023-04-29T17:38:55.044078847Z,2023-05-30T04:08:55.044078847Z,2023-05-26T10:53:35.612166974Z,-65,Rssi,vuoy_surroundings,1
,,0,2023-04-29T17:38:55.044078847Z,2023-05-30T04:08:55.044078847Z,2023-05-26T10:53:38.989923875Z,-62,Rssi,vuoy_surroundings,1
,,0,2023-04-29T17:38:55.044078847Z,2023-05-30T04:08:55.044078847Z,2023-05-26T10:53:42.674652014Z,-64,Rssi,vuoy_surroundings,1
,,0,2023-04-29T17:38:55.044078847Z,2023-05-30T04:08:55.044078847Z,2023-05-26T10:53:49.433529738Z,-62,Rssi,vuoy_surroundings,1
,,0,2023-04-29T17:38:55.044078847Z,2023-05-30T04:08:55.044078847Z,2023-05-26T10:53:52.826102534Z,-62,Rssi,vuoy_surroundings,1
,,0,2023-04-29T17:38:55.044078847Z,2023-05-30T04:08:55.044078847Z,2023-05-26T10:53:56.191440613Z,-64,Rssi,vuoy_surroundings,1
,,0,2023-04-29T17:38:55.044078847Z,2023-05-30T04:08:55.044078847Z,2023-05-26T10:54:02.947783764Z,-64,Rssi,vuoy_surroundings,1
,,0,2023-04-29T17:38:55.044078847Z,2023-05-30T04:08:55.044078847Z,2023-05-26T10:54:09.702871744Z,-63,Rssi,vuoy_surroundings,1
,,0,2023-04-29T17:38:55.044078847Z,2023-05-30T04:08:55.044078847Z,2023-05-26T10:54:16.425156375Z,-63,Rssi,vuoy_surroundings,1
,,0,2023-04-29T17:38:55.044078847Z,2023-05-30T04:08:55.044078847Z,2023-05-26T10:54:23.52551833Z,-62,Rssi,vuoy_surroundings,1
,,0,2023-04-29T17:38:55.044078847Z,2023-05-30T04:08:55.044078847Z,2023-05-26T10:54:26.640877275Z,-63,Rssi,vuoy_surroundings,1
,,0,2023-04-29T17:38:55.044078847Z,2023-05-30T04:08:55.044078847Z,2023-05-26T10:54:30.252501616Z,-64,Rssi,vuoy_surroundings,1
,,0,2023-04-29T17:38:55.044078847Z,2023-05-30T04:08:55.044078847Z,2023-05-26T10:54:37.038020303Z,-65,Rssi,vuoy_surroundings,1
,,0,2023-04-29T17:38:55.044078847Z,2023-05-30T04:08:55.044078847Z,2023-05-26T10:54:40.417076815Z,-64,Rssi,vuoy_surroundings,1
,,0,2023-04-29T17:38:55.044078847Z,2023-05-30T04:08:55.044078847Z,2023-05-26T10:54:47.174828823Z,-64,Rssi,vuoy_surroundings,1
,,0,2023-04-29T17:38:55.044078847Z,2023-05-30T04:08:55.044078847Z,2023-05-26T10:54:54.240597063Z,-65,Rssi,vuoy_surroundings,1
,,0,2023-04-29T17:38:55.044078847Z,2023-05-30T04:08:55.044078847Z,2023-05-26T10:54:57.312143474Z,-64,Rssi,vuoy_surroundings,1
,,0,2023-04-29T17:38:55.044078847Z,2023-05-30T04:08:55.044078847Z,2023-05-26T10:55:07.503437949Z,-64,Rssi,vuoy_surroundings,1
,,0,2023-04-29T17:38:55.044078847Z,2023-05-30T04:08:55.044078847Z,2023-05-26T10:55:11.203383009Z,-72,Rssi,vuoy_surroundings,1
,,0,2023-04-29T17:38:55.044078847Z,2023-05-30T04:08:55.044078847Z,2023-05-26T10:55:14.592002309Z,-83,Rssi,vuoy_surroundings,1
,,0,2023-04-29T17:38:55.044078847Z,2023-05-30T04:08:55.044078847Z,2023-05-26T10:55:17.979728955Z,-61,Rssi,vuoy_surroundings,1
,,0,2023-04-29T17:38:55.044078847Z,2023-05-30T04:08:55.044078847Z,2023-05-26T10:55:21.374880788Z,-63,Rssi,vuoy_surroundings,1
,,0,2023-04-29T17:38:55.044078847Z,2023-05-30T04:08:55.044078847Z,2023-05-26T10:55:24.759779272Z,-62,Rssi,vuoy_surroundings,1
,,0,2023-04-29T17:38:55.044078847Z,2023-05-30T04:08:55.044078847Z,2023-05-26T10:55:28.254176268Z,-67,Rssi,vuoy_surroundings,1
,,0,2023-04-29T17:38:55.044078847Z,2023-05-30T04:08:55.044078847Z,2023-05-26T10:55:31.845802859Z,-75,Rssi,vuoy_surroundings,1
,,0,2023-04-29T17:38:55.044078847Z,2023-05-30T04:08:55.044078847Z,2023-05-26T10:55:34.920710935Z,-74,Rssi,vuoy_surroundings,1
,,0,2023-04-29T17:38:55.044078847Z,2023-05-30T04:08:55.044078847Z,2023-05-26T10:55:38.325255566Z,-71,Rssi,vuoy_surroundings,1
,,0,2023-04-29T17:38:55.044078847Z,2023-05-30T04:08:55.044078847Z,2023-05-26T10:55:41.693445758Z,-79,Rssi,vuoy_surroundings,1
,,0,2023-04-29T17:38:55.044078847Z,2023-05-30T04:08:55.044078847Z,2023-05-26T10:55:45.366776493Z,-72,Rssi,vuoy_surroundings,1
,,0,2023-04-29T17:38:55.044078847Z,2023-05-30T04:08:55.044078847Z,2023-05-26T10:55:48.465232278Z,-76,Rssi,vuoy_surroundings,1
,,0,2023-04-29T17:38:55.044078847Z,2023-05-30T04:08:55.044078847Z,2023-05-26T10:55:52.15334211Z,-71,Rssi,vuoy_surroundings,1
,,0,2023-04-29T17:38:55.044078847Z,2023-05-30T04:08:55.044078847Z,2023-05-26T10:55:59.114912131Z,-77,Rssi,vuoy_surroundings,1
,,0,2023-04-29T17:38:55.044078847Z,2023-05-30T04:08:55.044078847Z,2023-05-26T10:56:05.995061948Z,-71,Rssi,vuoy_surroundings,1
,,0,2023-04-29T17:38:55.044078847Z,2023-05-30T04:08:55.044078847Z,2023-05-26T10:56:12.455873747Z,-70,Rssi,vuoy_surroundings,1
,,0,2023-04-29T17:38:55.044078847Z,2023-05-30T04:08:55.044078847Z,2023-05-26T10:56:16.146117014Z,-70,Rssi,vuoy_surroundings,1
,,0,2023-04-29T17:38:55.044078847Z,2023-05-30T04:08:55.044078847Z,2023-05-26T10:56:22.911266857Z,-72,Rssi,vuoy_surroundings,1
,,0,2023-04-29T17:38:55.044078847Z,2023-05-30T04:08:55.044078847Z,2023-05-26T10:56:26.292555298Z,-69,Rssi,vuoy_surroundings,1
,,0,2023-04-29T17:38:55.044078847Z,2023-05-30T04:08:55.044078847Z,2023-05-26T10:56:33.052888809Z,-70,Rssi,vuoy_surroundings,1
,,0,2023-04-29T17:38:55.044078847Z,2023-05-30T04:08:55.044078847Z,2023-05-26T10:56:39.817823806Z,-76,Rssi,vuoy_surroundings,1
,,0,2023-04-29T17:38:55.044078847Z,2023-05-30T04:08:55.044078847Z,2023-05-26T10:56:43.303500635Z,-70,Rssi,vuoy_surroundings,1
,,0,2023-04-29T17:38:55.044078847Z,2023-05-30T04:08:55.044078847Z,2023-05-26T10:56:46.579323132Z,-68,Rssi,vuoy_surroundings,1
,,0,2023-04-29T17:38:55.044078847Z,2023-05-30T04:08:55.044078847Z,2023-05-26T10:56:49.959292821Z,-77,Rssi,vuoy_surroundings,1
,,0,2023-04-29T17:38:55.044078847Z,2023-05-30T04:08:55.044078847Z,2023-05-26T10:56:53.341664057Z,-74,Rssi,vuoy_surroundings,1
,,0,2023-04-29T17:38:55.044078847Z,2023-05-30T04:08:55.044078847Z,2023-05-26T10:57:00.52613011Z,-71,Rssi,vuoy_surroundings,1
,,0,2023-04-29T17:38:55.044078847Z,2023-05-30T04:08:55.044078847Z,2023-05-26T10:57:03.487401633Z,-79,Rssi,vuoy_surroundings,1
,,0,2023-04-29T17:38:55.044078847Z,2023-05-30T04:08:55.044078847Z,2023-05-26T10:57:07.177931991Z,-80,Rssi,vuoy_surroundings,1
,,0,2023-04-29T17:38:55.044078847Z,2023-05-30T04:08:55.044078847Z,2023-05-26T10:57:10.554132436Z,-78,Rssi,vuoy_surroundings,1
,,0,2023-04-29T17:38:55.044078847Z,2023-05-30T04:08:55.044078847Z,2023-05-26T10:57:13.924675391Z,-79,Rssi,vuoy_surroundings,1
,,0,2023-04-29T17:38:55.044078847Z,2023-05-30T04:08:55.044078847Z,2023-05-26T10:57:20.700320951Z,-87,Rssi,vuoy_surroundings,1
,,0,2023-04-29T17:38:55.044078847Z,2023-05-30T04:08:55.044078847Z,2023-05-26T10:57:27.77307794Z,-84,Rssi,vuoy_surroundings,1
,,0,2023-04-29T17:38:55.044078847Z,2023-05-30T04:08:55.044078847Z,2023-05-26T10:57:30.841520689Z,-77,Rssi,vuoy_surroundings,1
,,0,2023-04-29T17:38:55.044078847Z,2023-05-30T04:08:55.044078847Z,2023-05-26T10:57:34.530566698Z,-78,Rssi,vuoy_surroundings,1
,,0,2023-04-29T17:38:55.044078847Z,2023-05-30T04:08:55.044078847Z,2023-05-26T10:57:41.290650564Z,-84,Rssi,vuoy_surroundings,1
,,0,2023-04-29T17:38:55.044078847Z,2023-05-30T04:08:55.044078847Z,2023-05-26T10:57:44.979329581Z,-81,Rssi,vuoy_surroundings,1
,,0,2023-04-29T17:38:55.044078847Z,2023-05-30T04:08:55.044078847Z,2023-05-26T10:57:47.714587774Z,-76,Rssi,vuoy_surroundings,1
,,0,2023-04-29T17:38:55.044078847Z,2023-05-30T04:08:55.044078847Z,2023-05-26T10:57:51.438727362Z,-75,Rssi,vuoy_surroundings,1
,,0,2023-04-29T17:38:55.044078847Z,2023-05-30T04:08:55.044078847Z,2023-05-26T10:57:58.010793438Z,-76,Rssi,vuoy_surroundings,1
,,0,2023-04-29T17:38:55.044078847Z,2023-05-30T04:08:55.044078847Z,2023-05-26T10:58:04.957760409Z,-76,Rssi,vuoy_surroundings,1
,,0,2023-04-29T17:38:55.044078847Z,2023-05-30T04:08:55.044078847Z,2023-05-26T10:58:08.343114465Z,-77,Rssi,vuoy_surroundings,1
,,0,2023-04-29T17:38:55.044078847Z,2023-05-30T04:08:55.044078847Z,2023-05-26T10:58:11.703637579Z,-75,Rssi,vuoy_surroundings,1
,,0,2023-04-29T17:38:55.044078847Z,2023-05-30T04:08:55.044078847Z,2023-05-26T10:58:15.417375836Z,-76,Rssi,vuoy_surroundings,1
,,0,2023-04-29T17:38:55.044078847Z,2023-05-30T04:08:55.044078847Z,2023-05-26T10:58:21.99559688Z,-76,Rssi,vuoy_surroundings,1
,,0,2023-04-29T17:38:55.044078847Z,2023-05-30T04:08:55.044078847Z,2023-05-26T10:58:25.355287672Z,-78,Rssi,vuoy_surroundings,1
,,0,2023-04-29T17:38:55.044078847Z,2023-05-30T04:08:55.044078847Z,2023-05-26T10:58:32.087965311Z,-78,Rssi,vuoy_surroundings,1
,,0,2023-04-29T17:38:55.044078847Z,2023-05-30T04:08:55.044078847Z,2023-05-26T10:58:35.458781754Z,-79,Rssi,vuoy_surroundings,1
,,0,2023-04-29T17:38:55.044078847Z,2023-05-30T04:08:55.044078847Z,2023-05-26T10:58:38.840425561Z,-75,Rssi,vuoy_surroundings,1
,,0,2023-04-29T17:38:55.044078847Z,2023-05-30T04:08:55.044078847Z,2023-05-26T10:58:42.199192796Z,-81,Rssi,vuoy_surroundings,1
,,0,2023-04-29T17:38:55.044078847Z,2023-05-30T04:08:55.044078847Z,2023-05-26T10:58:45.610700056Z,-76,Rssi,vuoy_surroundings,1
,,0,2023-04-29T17:38:55.044078847Z,2023-05-30T04:08:55.044078847Z,2023-05-26T10:58:49.010830618Z,-80,Rssi,vuoy_surroundings,1
,,0,2023-04-29T17:38:55.044078847Z,2023-05-30T04:08:55.044078847Z,2023-05-26T10:58:52.405921344Z,-75,Rssi,vuoy_surroundings,1
,,0,2023-04-29T17:38:55.044078847Z,2023-05-30T04:08:55.044078847Z,2023-05-26T10:58:59.393354028Z,-68,Rssi,vuoy_surroundings,1
,,0,2023-04-29T17:38:55.044078847Z,2023-05-30T04:08:55.044078847Z,2023-05-26T10:59:06.026416555Z,-68,Rssi,vuoy_surroundings,1
,,0,2023-04-29T17:38:55.044078847Z,2023-05-30T04:08:55.044078847Z,2023-05-26T10:59:09.634641625Z,-69,Rssi,vuoy_surroundings,1
,,0,2023-04-29T17:38:55.044078847Z,2023-05-30T04:08:55.044078847Z,2023-05-26T10:59:13.130020344Z,-70,Rssi,vuoy_surroundings,1
,,0,2023-04-29T17:38:55.044078847Z,2023-05-30T04:08:55.044078847Z,2023-05-26T10:59:19.749882841Z,-62,Rssi,vuoy_surroundings,1
,,0,2023-04-29T17:38:55.044078847Z,2023-05-30T04:08:55.044078847Z,2023-05-26T10:59:23.114394955Z,-62,Rssi,vuoy_surroundings,1
,,0,2023-04-29T17:38:55.044078847Z,2023-05-30T04:08:55.044078847Z,2023-05-26T10:59:26.479410081Z,-63,Rssi,vuoy_surroundings,1
,,0,2023-04-29T17:38:55.044078847Z,2023-05-30T04:08:55.044078847Z,2023-05-26T10:59:33.636150449Z,-65,Rssi,vuoy_surroundings,1
,,0,2023-04-29T17:38:55.044078847Z,2023-05-30T04:08:55.044078847Z,2023-05-26T10:59:40.285787651Z,-114,Rssi,vuoy_surroundings,1
,,0,2023-04-29T17:38:55.044078847Z,2023-05-30T04:08:55.044078847Z,2023-05-26T10:59:46.913615571Z,-104,Rssi,vuoy_surroundings,1
,,0,2023-04-29T17:38:55.044078847Z,2023-05-30T04:08:55.044078847Z,2023-05-26T10:59:53.838914897Z,-75,Rssi,vuoy_surroundings,1
,,0,2023-04-29T17:38:55.044078847Z,2023-05-30T04:08:55.044078847Z,2023-05-26T10:59:57.204935577Z,-69,Rssi,vuoy_surroundings,1
,,0,2023-04-29T17:38:55.044078847Z,2023-05-30T04:08:55.044078847Z,2023-05-26T11:00:00.62071858Z,-71,Rssi,vuoy_surroundings,1
,,0,2023-04-29T17:38:55.044078847Z,2023-05-30T04:08:55.044078847Z,2023-05-26T11:00:04.007445774Z,-81,Rssi,vuoy_surroundings,1
,,0,2023-04-29T17:38:55.044078847Z,2023-05-30T04:08:55.044078847Z,2023-05-26T11:00:10.77406983Z,-71,Rssi,vuoy_surroundings,1
,,0,2023-04-29T17:38:55.044078847Z,2023-05-30T04:08:55.044078847Z,2023-05-26T11:00:14.378425989Z,-69,Rssi,vuoy_surroundings,1
,,0,2023-04-29T17:38:55.044078847Z,2023-05-30T04:08:55.044078847Z,2023-05-26T11:00:20.917785474Z,-72,Rssi,vuoy_surroundings,1
,,0,2023-04-29T17:38:55.044078847Z,2023-05-30T04:08:55.044078847Z,2023-05-26T11:00:24.337256497Z,-71,Rssi,vuoy_surroundings,1
,,0,2023-04-29T17:38:55.044078847Z,2023-05-30T04:08:55.044078847Z,2023-05-26T11:00:31.229839396Z,-70,Rssi,vuoy_surroundings,1
,,0,2023-04-29T17:38:55.044078847Z,2023-05-30T04:08:55.044078847Z,2023-05-26T11:00:34.588080511Z,-70,Rssi,vuoy_surroundings,1
,,0,2023-04-29T17:38:55.044078847Z,2023-05-30T04:08:55.044078847Z,2023-05-26T11:00:41.330445738Z,-71,Rssi,vuoy_surroundings,1
,,0,2023-04-29T17:38:55.044078847Z,2023-05-30T04:08:55.044078847Z,2023-05-26T11:00:48.386451511Z,-70,Rssi,vuoy_surroundings,1
,,0,2023-04-29T17:38:55.044078847Z,2023-05-30T04:08:55.044078847Z,2023-05-26T11:00:51.450729199Z,-70,Rssi,vuoy_surroundings,1
,,0,2023-04-29T17:38:55.044078847Z,2023-05-30T04:08:55.044078847Z,2023-05-26T11:00:54.85340088Z,-70,Rssi,vuoy_surroundings,1
,,0,2023-04-29T17:38:55.044078847Z,2023-05-30T04:08:55.044078847Z,2023-05-26T11:00:58.210400339Z,-74,Rssi,vuoy_surroundings,1
,,0,2023-04-29T17:38:55.044078847Z,2023-05-30T04:08:55.044078847Z,2023-05-26T11:01:01.753067383Z,-79,Rssi,vuoy_surroundings,1
,,0,2023-04-29T17:38:55.044078847Z,2023-05-30T04:08:55.044078847Z,2023-05-26T11:01:05.352673847Z,-85,Rssi,vuoy_surroundings,1
,,0,2023-04-29T17:38:55.044078847Z,2023-05-30T04:08:55.044078847Z,2023-05-26T11:01:08.733181311Z,-72,Rssi,vuoy_surroundings,1
,,0,2023-04-29T17:38:55.044078847Z,2023-05-30T04:08:55.044078847Z,2023-05-26T11:01:15.493696999Z,-76,Rssi,vuoy_surroundings,1
,,0,2023-04-29T17:38:55.044078847Z,2023-05-30T04:08:55.044078847Z,2023-05-26T11:01:22.260247754Z,-79,Rssi,vuoy_surroundings,1
,,0,2023-04-29T17:38:55.044078847Z,2023-05-30T04:08:55.044078847Z,2023-05-26T11:01:29.259701168Z,-82,Rssi,vuoy_surroundings,1
,,0,2023-04-29T17:38:55.044078847Z,2023-05-30T04:08:55.044078847Z,2023-05-26T11:01:32.419107919Z,-85,Rssi,vuoy_surroundings,1
,,0,2023-04-29T17:38:55.044078847Z,2023-05-30T04:08:55.044078847Z,2023-05-26T11:01:39.184509304Z,-89,Rssi,vuoy_surroundings,1
,,0,2023-04-29T17:38:55.044078847Z,2023-05-30T04:08:55.044078847Z,2023-05-26T11:01:46.258651846Z,-103,Rssi,vuoy_surroundings,1
,,0,2023-04-29T17:38:55.044078847Z,2023-05-30T04:08:55.044078847Z,2023-05-26T11:01:53.029025881Z,-97,Rssi,vuoy_surroundings,1
,,0,2023-04-29T17:38:55.044078847Z,2023-05-30T04:08:55.044078847Z,2023-05-26T11:01:56.405009879Z,-96,Rssi,vuoy_surroundings,1
,,0,2023-04-29T17:38:55.044078847Z,2023-05-30T04:08:55.044078847Z,2023-05-26T11:01:59.913893627Z,-97,Rssi,vuoy_surroundings,1
,,0,2023-04-29T17:38:55.044078847Z,2023-05-30T04:08:55.044078847Z,2023-05-26T11:02:06.86182003Z,-93,Rssi,vuoy_surroundings,1
,,0,2023-04-29T17:38:55.044078847Z,2023-05-30T04:08:55.044078847Z,2023-05-26T11:02:09.933567763Z,-91,Rssi,vuoy_surroundings,1
,,0,2023-04-29T17:38:55.044078847Z,2023-05-30T04:08:55.044078847Z,2023-05-26T11:02:13.288909254Z,-100,Rssi,vuoy_surroundings,1
,,0,2023-04-29T17:38:55.044078847Z,2023-05-30T04:08:55.044078847Z,2023-05-26T11:02:17.001766081Z,-100,Rssi,vuoy_surroundings,1
,,0,2023-04-29T17:38:55.044078847Z,2023-05-30T04:08:55.044078847Z,2023-05-26T11:02:20.07596015Z,-97,Rssi,vuoy_surroundings,1
,,0,2023-04-29T17:38:55.044078847Z,2023-05-30T04:08:55.044078847Z,2023-05-26T11:02:23.479875206Z,-102,Rssi,vuoy_surroundings,1
,,0,2023-04-29T17:38:55.044078847Z,2023-05-30T04:08:55.044078847Z,2023-05-26T11:02:27.145426385Z,-101,Rssi,vuoy_surroundings,1
,,0,2023-04-29T17:38:55.044078847Z,2023-05-30T04:08:55.044078847Z,2023-05-26T11:02:30.526573129Z,-93,Rssi,vuoy_surroundings,1
,,0,2023-04-29T17:38:55.044078847Z,2023-05-30T04:08:55.044078847Z,2023-05-26T11:02:33.801982319Z,-93,Rssi,vuoy_surroundings,1
,,0,2023-04-29T17:38:55.044078847Z,2023-05-30T04:08:55.044078847Z,2023-05-26T11:02:37.298826543Z,-104,Rssi,vuoy_surroundings,1
,,0,2023-04-29T17:38:55.044078847Z,2023-05-30T04:08:55.044078847Z,2023-05-26T11:02:40.680899677Z,-96,Rssi,vuoy_surroundings,1
,,0,2023-04-29T17:38:55.044078847Z,2023-05-30T04:08:55.044078847Z,2023-05-26T11:02:44.342869971Z,-108,Rssi,vuoy_surroundings,1
,,0,2023-04-29T17:38:55.044078847Z,2023-05-30T04:08:55.044078847Z,2023-05-26T11:02:47.44901275Z,-95,Rssi,vuoy_surroundings,1
,,0,2023-04-29T17:38:55.044078847Z,2023-05-30T04:08:55.044078847Z,2023-05-26T11:02:51.140369376Z,-104,Rssi,vuoy_surroundings,1
,,0,2023-04-29T17:38:55.044078847Z,2023-05-30T04:08:55.044078847Z,2023-05-26T11:02:57.603511028Z,-94,Rssi,vuoy_surroundings,1
,,0,2023-04-29T17:38:55.044078847Z,2023-05-30T04:08:55.044078847Z,2023-05-26T11:03:04.674224715Z,-83,Rssi,vuoy_surroundings,1
,,0,2023-04-29T17:38:55.044078847Z,2023-05-30T04:08:55.044078847Z,2023-05-26T11:03:11.436389238Z,-91,Rssi,vuoy_surroundings,1
,,0,2023-04-29T17:38:55.044078847Z,2023-05-30T04:08:55.044078847Z,2023-05-26T11:03:15.03258589Z,-87,Rssi,vuoy_surroundings,1
,,0,2023-04-29T17:38:55.044078847Z,2023-05-30T04:08:55.044078847Z,2023-05-26T11:03:21.891967809Z,-91,Rssi,vuoy_surroundings,1
,,0,2023-04-29T17:38:55.044078847Z,2023-05-30T04:08:55.044078847Z,2023-05-26T11:03:25.039603186Z,-82,Rssi,vuoy_surroundings,1
,,0,2023-04-29T17:38:55.044078847Z,2023-05-30T04:08:55.044078847Z,2023-05-26T11:03:28.449843368Z,-88,Rssi,vuoy_surroundings,1
,,0,2023-04-29T17:38:55.044078847Z,2023-05-30T04:08:55.044078847Z,2023-05-26T11:03:32.044572608Z,-91,Rssi,vuoy_surroundings,1
,,0,2023-04-29T17:38:55.044078847Z,2023-05-30T04:08:55.044078847Z,2023-05-26T11:03:35.417404676Z,-98,Rssi,vuoy_surroundings,1
,,0,2023-04-29T17:38:55.044078847Z,2023-05-30T04:08:55.044078847Z,2023-05-26T11:03:38.494664016Z,-93,Rssi,vuoy_surroundings,1
,,0,2023-04-29T17:38:55.044078847Z,2023-05-30T04:08:55.044078847Z,2023-05-26T11:03:42.18230891Z,-93,Rssi,vuoy_surroundings,1
,,0,2023-04-29T17:38:55.044078847Z,2023-05-30T04:08:55.044078847Z,2023-05-26T11:03:48.944137791Z,-89,Rssi,vuoy_surroundings,1
,,0,2023-04-29T17:38:55.044078847Z,2023-05-30T04:08:55.044078847Z,2023-05-26T11:03:52.331658464Z,-93,Rssi,vuoy_surroundings,1
,,0,2023-04-29T17:38:55.044078847Z,2023-05-30T04:08:55.044078847Z,2023-05-26T11:03:55.706591617Z,-94,Rssi,vuoy_surroundings,1
,,0,2023-04-29T17:38:55.044078847Z,2023-05-30T04:08:55.044078847Z,2023-05-26T11:04:03.08718004Z,-92,Rssi,vuoy_surroundings,1
,,0,2023-04-29T17:38:55.044078847Z,2023-05-30T04:08:55.044078847Z,2023-05-26T11:04:05.77712631Z,-92,Rssi,vuoy_surroundings,1
,,0,2023-04-29T17:38:55.044078847Z,2023-05-30T04:08:55.044078847Z,2023-05-26T11:04:09.538231368Z,-92,Rssi,vuoy_surroundings,1
,,0,2023-04-29T17:38:55.044078847Z,2023-05-30T04:08:55.044078847Z,2023-05-26T11:04:13.034343297Z,-92,Rssi,vuoy_surroundings,1
,,0,2023-04-29T17:38:55.044078847Z,2023-05-30T04:08:55.044078847Z,2023-05-26T11:04:19.683425562Z,-93,Rssi,vuoy_surroundings,1
,,0,2023-04-29T17:38:55.044078847Z,2023-05-30T04:08:55.044078847Z,2023-05-26T11:04:23.062405782Z,-94,Rssi,vuoy_surroundings,1
,,0,2023-04-29T17:38:55.044078847Z,2023-05-30T04:08:55.044078847Z,2023-05-26T11:04:26.443858967Z,-93,Rssi,vuoy_surroundings,1
,,0,2023-04-29T17:38:55.044078847Z,2023-05-30T04:08:55.044078847Z,2023-05-26T11:04:30.244845629Z,-94,Rssi,vuoy_surroundings,1
,,0,2023-04-29T17:38:55.044078847Z,2023-05-30T04:08:55.044078847Z,2023-05-26T11:04:33.513763766Z,-93,Rssi,vuoy_surroundings,1
,,0,2023-04-29T17:38:55.044078847Z,2023-05-30T04:08:55.044078847Z,2023-05-26T11:04:36.589465605Z,-92,Rssi,vuoy_surroundings,1
,,0,2023-04-29T17:38:55.044078847Z,2023-05-30T04:08:55.044078847Z,2023-05-26T11:04:39.941649922Z,-92,Rssi,vuoy_surroundings,1
,,0,2023-04-29T17:38:55.044078847Z,2023-05-30T04:08:55.044078847Z,2023-05-26T11:04:43.21269796Z,-92,Rssi,vuoy_surroundings,1
,,0,2023-04-29T17:38:55.044078847Z,2023-05-30T04:08:55.044078847Z,2023-05-26T11:04:46.8872594Z,-91,Rssi,vuoy_surroundings,1
,,0,2023-04-29T17:38:55.044078847Z,2023-05-30T04:08:55.044078847Z,2023-05-26T11:04:49.929792738Z,-92,Rssi,vuoy_surroundings,1
,,0,2023-04-29T17:38:55.044078847Z,2023-05-30T04:08:55.044078847Z,2023-05-26T11:04:56.965238084Z,-92,Rssi,vuoy_surroundings,1
,,0,2023-04-29T17:38:55.044078847Z,2023-05-30T04:08:55.044078847Z,2023-05-26T11:05:00.331259897Z,-89,Rssi,vuoy_surroundings,1
,,0,2023-04-29T17:38:55.044078847Z,2023-05-30T04:08:55.044078847Z,2023-05-26T11:05:07.082828248Z,-89,Rssi,vuoy_surroundings,1
,,0,2023-04-29T17:38:55.044078847Z,2023-05-30T04:08:55.044078847Z,2023-05-26T11:05:10.450465236Z,-89,Rssi,vuoy_surroundings,1
,,0,2023-04-29T17:38:55.044078847Z,2023-05-30T04:08:55.044078847Z,2023-05-26T11:05:14.123364017Z,-96,Rssi,vuoy_surroundings,1
,,0,2023-04-29T17:38:55.044078847Z,2023-05-30T04:08:55.044078847Z,2023-05-26T11:05:17.254973211Z,-85,Rssi,vuoy_surroundings,1
,,0,2023-04-29T17:38:55.044078847Z,2023-05-30T04:08:55.044078847Z,2023-05-26T11:05:24.032420312Z,-81,Rssi,vuoy_surroundings,1
,,0,2023-04-29T17:38:55.044078847Z,2023-05-30T04:08:55.044078847Z,2023-05-26T11:05:31.113446389Z,-79,Rssi,vuoy_surroundings,1
,,0,2023-04-29T17:38:55.044078847Z,2023-05-30T04:08:55.044078847Z,2023-05-26T11:05:37.875911188Z,-82,Rssi,vuoy_surroundings,1
,,0,2023-04-29T17:38:55.044078847Z,2023-05-30T04:08:55.044078847Z,2023-05-26T11:05:44.773023731Z,-74,Rssi,vuoy_surroundings,1
,,0,2023-04-29T17:38:55.044078847Z,2023-05-30T04:08:55.044078847Z,2023-05-26T11:05:48.370298617Z,-76,Rssi,vuoy_surroundings,1
,,0,2023-04-29T17:38:55.044078847Z,2023-05-30T04:08:55.044078847Z,2023-05-26T11:05:51.465128275Z,-76,Rssi,vuoy_surroundings,1
,,0,2023-04-29T17:38:55.044078847Z,2023-05-30T04:08:55.044078847Z,2023-05-26T11:05:54.854552282Z,-83,Rssi,vuoy_surroundings,1
,,0,2023-04-29T17:38:55.044078847Z,2023-05-30T04:08:55.044078847Z,2023-05-26T11:06:01.880419414Z,-78,Rssi,vuoy_surroundings,1
,,0,2023-04-29T17:38:55.044078847Z,2023-05-30T04:08:55.044078847Z,2023-05-26T11:06:05.008613205Z,-72,Rssi,vuoy_surroundings,1
,,0,2023-04-29T17:38:55.044078847Z,2023-05-30T04:08:55.044078847Z,2023-05-26T11:06:08.500840811Z,-81,Rssi,vuoy_surroundings,1
,,0,2023-04-29T17:38:55.044078847Z,2023-05-30T04:08:55.044078847Z,2023-05-26T11:06:15.470969367Z,-74,Rssi,vuoy_surroundings,1
,,0,2023-04-29T17:38:55.044078847Z,2023-05-30T04:08:55.044078847Z,2023-05-26T11:06:18.822701231Z,-75,Rssi,vuoy_surroundings,1
,,0,2023-04-29T17:38:55.044078847Z,2023-05-30T04:08:55.044078847Z,2023-05-26T11:06:22.157911587Z,-74,Rssi,vuoy_surroundings,1
,,0,2023-04-29T17:38:55.044078847Z,2023-05-30T04:08:55.044078847Z,2023-05-26T11:06:25.815285287Z,-72,Rssi,vuoy_surroundings,1
,,0,2023-04-29T17:38:55.044078847Z,2023-05-30T04:08:55.044078847Z,2023-05-26T11:06:29.479662311Z,-79,Rssi,vuoy_surroundings,1
,,0,2023-04-29T17:38:55.044078847Z,2023-05-30T04:08:55.044078847Z,2023-05-26T11:06:32.165906851Z,-71,Rssi,vuoy_surroundings,1
